cell_id,GENE_001,GENE_002,GENE_003,GENE_004,GENE_005,GENE_006,GENE_007,GENE_008,GENE_009,GENE_010,GENE_011,GENE_012,GENE_013,GENE_014,GENE_015,GENE_016,GENE_017,GENE_018,GENE_019,GENE_020,GENE_021,GENE_022,GENE_023,GENE_024,GENE_025,GENE_026,GENE_027,GENE_028,GENE_029,GENE_030,GENE_031,GENE_032,GENE_033,GENE_034,GENE_035,GENE_036,GENE_037,GENE_038,GENE_039,GENE_040,GENE_041,GENE_042,GENE_043,GENE_044,GENE_045,GENE_046,GENE_047,GENE_048,GENE_049,GENE_050,GENE_051,GENE_052,GENE_053,GENE_054,GENE_055,GENE_056,GENE_057,GENE_058,GENE_059,GENE_060,GENE_061,GENE_062,GENE_063,GENE_064
SIM_CELL_0001,1,8,5,6,6,5,5,7,2,3,3,3,2,1,4,5,4,0,2,2,1,3,6,5,2,6,0,6,2,4,3,1,1,2,6,0,2,4,2,6,3,4,0,2,10,1,5,3,6,8,1,3,2,3,3,4,6,6,9,1,6,2,1,4
SIM_CELL_0002,3,3,4,8,6,1,11,6,1,3,4,5,3,0,2,4,2,5,3,1,2,3,1,1,3,5,1,2,1,3,3,5,0,1,3,2,5,4,3,4,3,3,1,3,4,3,3,5,1,2,4,2,5,2,5,3,2,2,4,4,5,6,3,1
SIM_CELL_0003,1,3,8,6,2,5,7,7,2,0,3,5,5,1,2,5,1,3,1,5,3,2,3,1,9,5,1,3,0,2,2,2,2,2,5,0,1,2,1,3,1,3,4,4,7,3,7,3,0,7,1,2,6,2,3,5,3,5,5,1,5,2,1,3
SIM_CELL_0004,5,6,2,4,2,4,4,7,0,2,7,5,2,6,4,10,0,5,3,2,2,4,3,5,6,2,0,3,3,3,3,3,2,1,8,3,0,5,2,4,5,6,2,2,7,2,7,4,3,4,6,1,2,1,2,5,3,2,7,2,1,5,1,4
SIM_CELL_0005,8,2,4,7,2,2,5,12,3,1,6,3,4,2,1,6,1,2,1,0,2,1,3,6,6,4,2,3,5,5,3,3,0,2,6,1,2,3,3,7,0,1,1,2,10,4,7,1,2,4,6,1,4,8,3,7,3,6,11,2,2,5,2,6
SIM_CELL_0006,5,5,7,4,9,7,4,5,2,4,5,5,6,2,2,2,3,3,4,1,1,2,0,5,2,5,2,2,1,3,3,9,1,2,3,2,3,8,3,1,4,1,4,3,4,4,9,3,2,7,8,5,5,1,3,2,2,6,5,3,4,1,2,4
SIM_CELL_0007,2,6,3,1,5,8,2,10,2,2,3,4,2,4,0,9,5,2,0,3,1,3,4,4,8,4,1,3,4,5,2,8,1,3,1,2,0,4,4,7,3,1,1,5,4,6,7,3,0,10,4,2,2,6,5,6,7,5,8,1,2,1,3,3
SIM_CELL_0008,6,7,3,4,7,3,8,9,1,5,5,4,1,2,2,5,3,6,3,3,2,4,0,1,3,7,0,3,3,3,5,5,1,4,2,3,7,4,1,3,3,0,2,3,2,1,5,2,2,7,7,3,2,1,8,4,1,4,5,0,2,1,2,5
SIM_CELL_0009,8,6,6,8,6,2,8,4,4,5,5,1,1,0,3,6,1,3,2,2,4,3,3,0,1,2,0,5,2,4,2,3,5,3,2,2,1,2,5,9,1,6,3,5,7,0,2,6,1,4,6,0,4,3,8,2,3,4,4,2,2,5,3,4
SIM_CELL_0010,12,6,1,6,5,4,3,4,7,5,7,4,5,2,4,7,2,1,2,1,1,2,2,4,1,5,2,3,1,3,1,3,3,2,3,1,1,4,3,4,3,2,3,3,11,1,6,1,2,7,4,4,6,4,9,5,3,4,4,0,2,3,3,2
SIM_CELL_0011,5,7,5,7,3,4,14,6,2,1,8,3,3,1,1,5,2,2,2,3,3,3,1,3,3,1,1,3,1,1,1,4,2,1,1,1,2,5,0,3,5,4,2,3,1,1,2,5,0,5,4,0,2,6,4,6,4,3,5,0,4,2,1,3
SIM_CELL_0012,3,6,6,5,3,1,6,2,1,1,5,2,3,1,3,5,1,2,2,6,1,0,1,4,2,2,2,0,3,8,1,1,1,2,3,2,4,0,5,3,3,4,2,1,2,1,4,4,4,4,1,2,6,2,1,6,3,3,3,3,2,3,2,2
SIM_CELL_0013,1,7,3,3,3,3,2,2,5,2,5,1,3,5,3,3,0,5,2,1,1,2,3,4,4,2,1,3,2,2,1,1,1,3,2,4,2,1,1,8,2,3,2,2,4,3,6,3,4,1,7,2,4,7,4,8,0,5,10,6,4,5,1,1
SIM_CELL_0014,2,3,3,3,4,2,4,2,5,1,6,3,4,4,4,7,0,7,2,3,2,3,1,5,4,1,4,6,8,5,0,2,1,3,4,2,5,2,5,4,2,4,2,1,7,2,7,1,2,5,2,1,2,7,1,8,5,2,8,3,0,0,3,3
SIM_CELL_0015,4,3,4,4,4,1,3,7,6,5,7,12,2,2,4,6,1,0,1,2,0,1,3,6,5,3,1,1,3,2,5,2,0,4,2,0,4,5,1,6,2,5,1,3,2,1,4,1,0,11,6,1,3,5,2,5,6,5,6,3,3,5,1,2
SIM_CELL_0016,2,1,2,3,2,1,3,2,4,3,5,9,8,3,3,10,3,1,5,1,1,1,4,2,6,2,0,1,6,7,3,3,0,2,1,0,1,5,1,10,1,3,1,3,5,2,5,1,1,7,2,2,5,1,3,3,2,2,6,1,3,3,1,3
SIM_CELL_0017,7,2,4,3,3,4,4,0,1,8,7,5,6,3,2,7,2,4,2,2,4,0,1,0,3,5,2,7,4,6,2,3,2,3,3,3,3,1,3,7,0,4,2,2,6,2,4,5,3,6,1,0,1,2,7,4,3,6,3,1,0,4,6,2
SIM_CELL_0018,5,12,10,0,6,3,2,3,4,5,5,9,4,3,2,8,2,3,1,3,3,2,2,4,6,3,0,2,1,4,5,5,1,3,2,1,4,7,4,2,6,2,3,4,3,2,5,2,1,7,3,1,0,3,2,5,3,6,5,1,1,2,2,4
SIM_CELL_0019,0,2,4,1,1,2,8,3,2,4,8,6,5,5,1,10,2,5,1,2,2,4,0,2,7,2,3,2,3,3,5,4,1,5,4,1,7,4,5,6,3,3,1,1,6,1,7,5,4,8,4,7,4,2,4,4,5,3,6,3,4,5,4,3
SIM_CELL_0020,4,3,6,5,2,2,6,2,3,7,16,7,2,9,5,4,1,1,2,4,0,2,1,4,6,4,0,2,1,1,0,2,3,4,2,1,3,3,4,5,0,1,3,3,8,0,7,7,7,4,4,2,3,2,4,4,1,10,6,1,5,5,1,5
SIM_CELL_0021,1,1,3,5,3,4,4,0,8,6,8,5,6,2,1,7,0,1,1,0,3,2,1,2,2,3,2,3,7,5,3,3,0,6,3,0,4,3,2,7,2,1,6,4,4,4,8,1,0,4,1,2,3,1,4,7,8,1,8,0,4,2,1,2
SIM_CELL_0022,3,5,5,0,2,4,3,0,7,5,6,11,7,3,6,9,1,3,1,1,1,6,2,5,6,4,3,4,3,3,2,2,2,2,2,1,2,3,5,6,2,4,3,2,5,2,8,3,3,5,9,0,4,2,1,2,5,4,2,2,2,2,5,1
SIM_CELL_0023,1,6,4,4,1,3,4,2,3,8,4,4,10,6,6,5,1,1,0,1,1,5,2,2,9,3,4,2,5,0,4,3,0,5,4,2,3,4,2,6,2,4,2,8,2,6,3,3,1,4,1,3,2,6,3,7,4,3,3,2,2,4,0,3
SIM_CELL_0024,1,2,8,3,4,0,2,3,2,9,7,14,4,4,6,13,3,1,0,4,2,2,4,3,2,4,1,5,2,6,4,4,2,4,8,4,3,4,4,7,3,2,1,3,5,1,4,2,4,5,5,3,2,5,2,4,3,4,3,3,3,1,5,6
SIM_CELL_0025,3,5,2,5,4,2,2,7,2,0,3,5,1,1,0,2,4,5,3,4,5,2,6,2,5,3,1,0,4,3,3,2,2,4,1,1,3,3,1,5,2,3,2,6,7,2,3,6,3,7,1,1,1,6,3,5,2,2,4,1,2,5,3,1
SIM_CELL_0026,0,7,6,4,4,1,3,2,1,0,8,3,5,4,5,3,2,4,5,1,3,3,3,4,3,4,3,4,3,7,0,0,1,4,4,0,3,4,6,7,10,3,2,3,4,4,6,8,1,6,6,2,2,2,8,2,3,5,4,0,3,3,1,3
SIM_CELL_0027,1,6,4,2,3,2,3,5,4,1,4,3,3,5,2,8,3,4,3,7,4,3,1,8,7,2,2,3,5,2,4,5,0,6,3,4,3,5,1,6,2,2,3,4,7,0,5,5,2,5,4,2,4,4,2,1,2,6,3,2,1,1,1,5
SIM_CELL_0028,2,5,4,5,1,2,9,3,2,5,3,3,2,4,3,4,4,0,2,3,1,7,4,3,7,4,0,3,5,5,1,3,1,1,5,1,3,4,2,7,2,2,0,4,1,2,3,2,2,9,3,5,9,3,0,8,1,8,6,2,3,4,2,2
SIM_CELL_0029,5,6,2,3,1,1,5,4,4,2,3,3,5,1,5,5,1,4,8,6,1,8,2,4,5,5,4,2,3,7,3,6,2,6,4,4,3,1,2,6,3,5,2,3,5,2,6,5,3,5,4,6,3,4,3,5,2,7,7,1,6,2,3,3
SIM_CELL_0030,4,1,4,2,4,3,8,6,2,2,1,7,6,1,7,4,1,4,4,4,2,7,3,5,4,5,1,2,3,5,2,2,1,1,2,0,7,10,3,4,5,3,3,5,5,0,3,2,4,8,3,2,2,4,4,7,5,5,5,3,6,2,1,1
SIM_CELL_0031,3,3,2,4,4,3,4,2,4,2,5,5,2,3,2,2,0,1,6,5,6,6,5,6,1,6,1,5,3,1,4,2,1,1,1,1,3,5,4,6,3,6,2,8,4,4,7,3,3,5,6,0,2,6,5,3,5,2,7,0,1,5,4,4
SIM_CELL_0032,2,6,4,6,2,0,4,1,3,2,4,4,5,0,4,5,2,8,3,3,2,5,0,6,2,5,1,6,4,5,3,4,3,3,2,1,1,5,6,5,3,2,0,4,6,2,4,5,2,4,3,4,1,5,4,5,4,3,6,4,0,6,0,2
SIM_CELL_0033,2,3,4,4,1,4,2,5,1,6,6,5,10,1,4,6,4,3,2,1,4,0,4,2,3,5,4,3,2,4,0,1,2,1,2,2,9,4,2,5,1,5,5,3,6,1,4,5,3,6,4,2,6,7,1,1,2,3,1,4,1,2,1,0
SIM_CELL_0034,3,2,3,1,3,2,8,6,6,1,3,3,1,1,4,4,5,3,3,3,0,5,0,1,4,2,4,7,0,6,3,6,1,2,2,2,3,2,7,3,2,4,2,6,2,4,9,6,1,2,6,0,7,6,4,3,1,6,8,3,2,1,3,2
SIM_CELL_0035,3,5,1,4,1,2,5,2,4,4,8,2,5,3,3,12,4,6,3,6,5,5,0,4,3,5,4,4,2,3,4,3,0,7,0,2,4,5,1,4,4,2,1,2,5,0,5,6,2,12,7,4,3,5,4,2,3,2,1,3,6,4,1,8
SIM_CELL_0036,3,3,3,4,1,3,4,4,2,4,4,2,3,1,3,6,3,2,2,3,5,4,5,11,3,2,4,2,3,6,4,2,2,5,5,2,0,6,5,2,1,1,3,6,1,3,2,4,2,4,2,4,7,3,5,4,5,2,3,5,3,3,4,1
SIM_CELL_0037,9,5,11,10,5,4,6,6,2,6,2,3,5,3,2,6,1,2,2,2,3,3,2,8,1,4,2,2,2,5,3,7,1,4,5,2,6,4,0,2,8,5,1,3,4,6,3,0,6,4,10,1,3,5,3,3,3,4,3,2,3,0,2,2
SIM_CELL_0038,5,5,4,8,5,1,6,4,3,4,3,7,1,1,6,3,1,1,1,1,1,2,4,5,2,7,2,5,1,3,5,6,3,3,7,2,1,3,2,3,4,3,2,0,1,2,7,4,3,9,4,3,6,8,3,4,5,7,3,4,2,1,2,2
SIM_CELL_0039,8,6,9,6,8,1,1,3,6,3,4,3,2,2,5,6,3,2,3,1,1,2,5,3,0,5,1,1,5,1,1,1,5,0,8,1,4,5,4,3,6,3,1,3,7,2,9,1,2,4,9,7,0,6,1,4,4,3,4,1,2,2,2,2
SIM_CELL_0040,5,3,6,3,0,4,3,6,1,6,2,2,2,4,5,4,1,2,3,2,0,4,4,0,3,3,2,1,3,2,1,4,3,3,3,4,3,8,7,5,5,3,3,4,6,5,4,5,3,5,3,8,5,3,1,5,5,5,3,6,4,4,1,3
SIM_CELL_0041,6,7,4,6,7,2,4,11,3,2,10,2,5,0,7,4,2,1,1,4,1,1,3,0,2,5,1,1,2,2,1,3,1,4,1,3,4,1,3,3,4,3,3,1,3,2,5,0,11,8,2,2,4,5,3,4,5,7,10,8,4,5,6,4
SIM_CELL_0042,8,10,6,8,4,2,1,12,2,1,4,1,3,5,3,8,2,0,2,4,2,4,3,3,1,4,0,4,1,0,3,5,7,5,5,0,1,1,0,3,3,5,0,4,4,3,12,6,5,7,6,3,3,5,4,6,1,7,3,0,1,1,2,2
SIM_CELL_0043,4,4,3,9,3,1,7,5,3,1,1,4,2,5,5,3,1,1,3,4,3,2,3,3,3,7,0,0,2,2,1,4,6,6,3,2,2,5,4,4,5,2,2,0,4,1,10,4,3,8,4,1,6,3,3,5,1,2,4,4,1,2,4,3
SIM_CELL_0044,6,2,5,8,8,3,3,4,2,6,2,3,9,5,4,3,4,0,4,3,6,1,0,4,5,4,3,2,4,5,2,3,2,5,2,4,4,2,1,4,3,3,2,1,8,3,5,4,2,7,4,2,7,6,1,5,7,4,4,4,5,2,7,1
SIM_CELL_0045,6,3,5,7,3,3,8,6,5,2,5,2,5,0,2,6,0,2,2,1,2,2,2,4,2,2,4,2,2,4,2,3,3,3,6,1,3,1,2,1,5,3,3,5,6,1,2,2,0,9,9,3,3,7,5,5,1,4,6,0,1,1,3,4
SIM_CELL_0046,3,9,6,6,2,3,4,7,3,2,3,5,6,7,3,5,3,1,2,2,2,4,2,2,1,7,1,2,2,4,1,6,2,1,5,3,3,4,3,3,7,2,3,7,2,3,6,4,7,4,6,2,5,3,1,5,1,4,4,1,3,2,9,1
SIM_CELL_0047,3,5,6,4,8,4,3,8,8,1,3,0,3,6,4,4,3,3,4,2,2,0,2,3,4,0,3,5,5,5,3,4,2,1,3,3,2,3,3,1,5,3,1,2,2,1,7,3,5,9,8,2,2,3,2,3,2,3,9,1,1,4,2,0
SIM_CELL_0048,5,7,8,4,5,6,5,12,6,6,3,3,3,2,3,3,2,0,4,5,1,0,4,4,3,3,1,3,5,4,1,4,1,0,3,1,0,4,7,0,7,3,3,2,2,2,3,2,3,3,6,4,3,3,6,2,3,6,6,2,2,6,3,2
SIM_CELL_0049,2,5,3,4,8,5,2,4,6,2,2,7,8,8,1,7,2,5,2,0,3,5,1,1,1,2,0,5,3,2,0,3,5,2,5,2,1,3,6,2,5,3,4,5,4,1,2,2,1,6,4,1,1,3,5,1,1,6,5,1,1,3,3,3
SIM_CELL_0050,2,4,4,5,3,8,5,7,7,8,5,2,11,3,8,9,1,1,1,0,1,4,4,2,2,7,2,1,3,1,2,3,3,4,1,0,4,10,3,4,7,5,0,2,5,4,7,0,1,4,6,2,2,5,3,3,4,3,4,2,6,1,3,1
SIM_CELL_0051,1,4,4,5,5,6,6,3,11,6,7,5,8,9,4,7,2,4,2,1,4,2,4,2,3,5,1,4,5,4,3,5,3,4,4,2,1,8,5,2,2,3,1,2,6,2,3,2,2,1,7,1,5,3,3,8,2,7,4,1,6,2,7,2
SIM_CELL_0052,2,4,4,6,2,0,2,7,6,6,10,1,8,6,6,7,1,6,4,2,2,3,1,1,2,3,4,6,5,3,2,5,4,4,2,1,3,8,3,2,4,4,1,1,7,1,11,4,6,5,5,2,5,4,6,4,5,6,5,3,6,7,6,4
SIM_CELL_0053,3,5,2,4,2,2,2,6,5,5,5,7,3,8,8,9,1,2,2,5,0,2,0,1,4,4,2,9,3,7,2,4,4,2,2,3,4,6,1,1,2,1,3,4,1,1,7,5,1,4,9,5,0,4,2,3,2,4,4,3,3,5,1,1
SIM_CELL_0054,7,3,7,1,7,5,3,3,3,7,4,8,4,3,5,5,1,4,2,2,2,5,1,4,4,5,1,8,7,5,1,1,4,1,3,7,3,2,4,7,7,3,2,4,5,1,4,4,2,8,6,1,5,4,3,4,3,4,6,2,6,2,1,4
SIM_CELL_0055,2,2,3,3,3,4,3,4,3,3,4,4,3,5,2,6,2,2,2,2,1,2,0,3,4,4,4,4,3,6,6,3,2,4,3,3,5,4,1,1,5,4,1,3,4,2,7,3,3,5,5,5,5,4,3,4,3,7,3,2,6,5,3,2
SIM_CELL_0056,3,5,3,2,4,0,4,7,4,6,6,12,3,10,8,9,3,3,5,2,4,1,1,4,2,6,4,4,6,4,2,2,6,3,1,2,3,3,2,0,5,4,2,5,4,4,3,2,3,11,3,1,4,6,3,4,3,5,7,4,3,3,7,4
SIM_CELL_0057,3,2,3,7,0,2,5,5,11,11,5,6,8,3,2,15,1,4,2,2,2,4,0,3,5,2,2,3,2,7,1,2,4,4,4,1,1,4,1,3,1,4,1,7,2,6,3,1,0,2,4,5,3,8,3,4,4,4,5,6,4,2,4,2
SIM_CELL_0058,10,3,2,1,3,1,5,8,4,5,10,7,4,5,3,13,1,1,2,1,3,3,1,3,0,6,1,5,2,5,4,5,2,2,10,2,2,4,4,2,5,3,0,3,2,3,9,5,3,9,2,0,2,3,4,0,0,5,7,1,3,5,4,2
SIM_CELL_0059,0,1,3,4,5,5,3,7,8,3,2,5,4,4,6,4,0,5,1,3,0,3,5,0,6,3,5,3,3,4,3,5,2,2,6,3,2,3,3,0,3,5,3,3,3,5,6,1,3,1,5,2,5,2,2,2,2,4,8,4,3,2,9,0
SIM_CELL_0060,5,1,3,5,2,0,6,2,2,7,12,5,5,9,9,9,0,4,3,2,0,3,2,3,1,3,2,3,4,2,1,3,2,2,3,4,4,6,1,5,8,1,1,6,5,2,5,4,5,6,7,2,5,1,1,4,2,1,5,1,4,4,1,3
SIM_CELL_0061,1,3,6,3,4,6,5,6,2,7,3,4,3,3,4,8,2,6,3,5,1,6,0,3,0,5,2,3,3,3,2,3,3,0,2,1,5,3,4,1,3,4,1,2,1,2,0,4,6,8,7,3,1,3,2,5,3,5,10,1,5,1,3,3
SIM_CELL_0062,6,1,9,2,4,1,2,3,3,3,3,5,1,4,5,5,3,5,3,3,1,6,1,7,5,3,2,6,0,3,3,4,5,1,4,0,0,3,3,1,12,4,3,2,5,3,4,0,3,2,7,3,6,8,7,2,1,3,3,4,4,4,4,3
SIM_CELL_0063,2,1,2,5,3,4,4,5,4,6,0,3,5,4,4,3,4,4,3,6,4,8,3,2,3,6,1,2,3,1,0,6,2,4,4,1,3,4,2,3,4,5,1,2,7,2,5,2,5,5,2,3,4,1,4,2,3,6,5,2,0,2,5,3
SIM_CELL_0064,3,3,2,2,1,2,2,7,3,5,4,1,2,4,3,5,2,4,3,2,4,3,2,3,5,3,1,3,7,6,2,3,2,4,7,4,4,7,1,3,4,2,1,7,6,0,2,5,1,5,4,3,3,5,1,5,2,1,0,1,4,1,6,2
SIM_CELL_0065,5,3,6,4,3,4,4,6,3,4,3,3,1,5,2,8,3,4,8,6,5,5,0,6,1,4,3,5,2,2,1,3,4,2,4,1,0,4,3,3,7,3,2,3,5,1,6,1,4,1,9,2,2,7,4,6,2,7,2,3,6,3,6,3
SIM_CELL_0066,8,3,1,3,2,2,2,6,7,3,2,4,4,3,2,5,8,2,2,3,6,0,1,6,4,3,2,4,3,1,1,6,4,3,5,4,4,5,1,1,4,4,2,3,2,2,4,2,2,4,5,5,3,4,4,1,2,1,5,1,2,1,1,2
SIM_CELL_0067,4,2,4,3,2,2,3,6,4,4,3,2,8,5,3,4,3,3,2,3,3,3,2,7,1,5,3,4,3,3,3,4,1,2,10,1,0,1,3,0,5,2,0,3,2,4,3,2,2,12,5,7,1,8,5,2,2,6,4,1,3,1,3,2
SIM_CELL_0068,4,5,4,3,3,1,2,6,1,9,5,9,4,6,2,6,2,2,1,3,1,8,4,3,2,3,2,5,2,12,1,3,2,3,1,3,0,5,4,2,4,8,2,1,5,3,0,3,1,10,4,5,3,6,5,6,7,5,5,3,2,1,0,0
SIM_CELL_0069,4,3,4,1,5,6,2,9,5,1,2,2,2,3,4,3,1,3,4,3,1,5,2,8,5,2,0,3,2,3,2,6,5,2,11,2,2,6,0,6,4,0,0,5,7,4,4,3,3,6,2,4,2,7,1,3,4,5,4,3,4,5,3,1
SIM_CELL_0070,1,3,4,4,3,2,1,7,6,9,3,4,4,7,3,9,5,0,2,1,2,2,2,4,2,4,2,4,6,1,1,4,1,4,2,2,3,9,4,0,2,1,0,5,8,2,5,1,4,6,2,1,5,7,1,7,1,3,3,4,4,1,2,0
SIM_CELL_0071,2,2,2,2,2,1,1,5,2,5,6,3,8,6,5,6,3,4,7,5,0,2,7,5,3,3,2,3,6,7,4,5,3,4,5,3,2,3,3,6,5,1,2,0,5,2,9,5,3,9,7,1,3,4,2,4,3,1,9,3,1,4,1,1
SIM_CELL_0072,3,6,2,4,5,4,0,9,2,2,3,0,3,3,3,10,3,1,3,0,1,2,4,5,2,4,1,7,2,1,3,3,2,1,4,2,2,1,4,5,2,3,1,4,5,3,6,1,6,9,7,2,6,3,4,5,5,4,5,3,2,4,2,1
SIM_CELL_0073,6,6,4,9,2,3,6,10,1,4,6,6,4,2,5,4,1,1,1,3,0,3,2,1,9,2,3,8,1,6,3,7,2,2,6,2,9,8,3,6,3,2,6,4,8,2,1,4,3,4,8,8,4,6,3,6,3,4,6,6,4,2,4,7
SIM_CELL_0074,3,8,4,1,5,0,6,13,3,1,2,7,0,3,3,6,1,7,2,1,0,2,3,6,6,2,2,3,2,4,0,3,1,4,5,1,2,6,5,8,3,5,4,1,5,4,4,2,4,7,3,7,2,3,1,10,2,4,3,1,4,2,5,1
SIM_CELL_0075,8,4,5,4,8,2,6,4,2,0,2,2,3,2,7,6,5,4,2,4,3,0,1,7,1,2,1,2,1,5,0,3,2,4,5,1,6,5,6,4,1,1,2,8,6,3,2,4,7,13,5,3,8,5,3,1,2,3,9,4,2,2,3,3
SIM_CELL_0076,5,3,6,3,6,5,7,11,4,4,3,3,4,1,5,4,7,3,2,3,1,1,3,4,6,0,1,7,1,6,1,4,4,3,6,0,4,7,1,7,8,3,1,9,4,4,2,2,4,5,3,1,7,4,2,5,2,4,4,2,4,3,4,3
SIM_CELL_0077,8,6,4,3,3,3,9,6,0,5,2,6,6,2,4,7,2,0,2,3,1,3,1,6,1,2,2,3,3,4,2,3,7,8,8,1,4,5,2,3,2,2,1,2,2,2,4,3,2,8,2,7,4,3,7,5,3,3,4,2,0,5,0,3
SIM_CELL_0078,1,6,9,1,5,5,3,5,2,3,3,1,2,3,5,0,1,6,1,3,4,7,1,7,5,5,2,2,3,4,1,3,5,3,4,3,3,6,3,5,6,1,3,2,5,2,7,1,7,10,3,0,2,4,1,4,5,5,10,5,1,1,1,3
SIM_CELL_0079,8,10,7,3,9,1,5,15,1,2,4,6,6,2,3,9,1,0,3,2,0,3,0,6,2,4,1,1,2,3,0,1,2,1,13,3,3,8,2,3,7,2,1,4,10,1,4,6,5,6,3,1,4,3,5,3,6,3,6,3,2,8,5,2
SIM_CELL_0080,4,3,3,5,7,2,2,6,0,3,1,1,6,1,2,5,3,2,4,2,2,3,0,4,2,5,0,0,1,5,4,2,2,2,8,1,7,11,3,2,3,3,1,4,9,1,2,4,8,7,4,4,4,3,6,4,3,1,8,3,6,1,2,1
SIM_CELL_0081,9,7,5,2,4,6,7,7,1,3,1,9,3,3,6,5,3,1,2,2,3,2,2,8,3,2,2,1,5,2,4,4,4,1,7,1,4,7,4,4,6,4,1,6,3,2,6,2,2,2,5,2,4,2,6,4,2,3,7,2,1,3,2,4
SIM_CELL_0082,6,8,5,5,4,4,4,14,1,3,2,1,3,3,5,3,0,1,3,2,2,1,2,4,2,6,2,1,2,1,0,2,4,4,5,4,6,9,5,3,4,5,3,4,4,1,4,2,5,15,4,1,2,6,5,5,7,4,5,1,3,5,2,3
SIM_CELL_0083,6,8,11,3,6,2,6,9,2,2,1,5,1,1,1,9,3,4,3,2,2,4,2,3,4,5,0,2,2,1,0,4,3,2,3,4,2,9,2,3,4,5,0,6,2,0,5,2,2,4,10,4,3,2,7,2,6,2,3,4,2,1,4,5
SIM_CELL_0084,4,6,7,2,4,1,5,7,2,3,3,5,3,1,3,3,0,1,1,6,0,4,4,3,4,1,1,1,1,1,1,3,0,5,7,2,7,10,0,2,5,3,3,2,2,0,2,2,2,8,1,3,0,2,7,4,0,2,12,1,1,1,5,4
SIM_CELL_0085,3,4,4,2,6,3,2,6,2,3,3,12,6,5,9,12,2,3,3,3,2,1,1,6,3,0,1,0,0,6,2,2,3,1,2,2,0,7,2,2,7,1,1,1,2,1,10,2,8,6,4,3,4,6,1,4,2,1,7,3,1,3,2,5
SIM_CELL_0086,4,2,1,3,1,0,3,1,2,5,5,5,4,1,3,7,2,3,1,4,1,2,1,2,11,3,1,1,5,1,2,0,2,3,8,5,3,6,4,5,1,3,0,6,3,1,5,2,3,9,4,2,3,4,5,5,6,2,15,1,0,2,3,6
SIM_CELL_0087,1,3,2,5,1,0,1,7,3,9,3,10,5,2,9,13,1,8,2,2,0,2,2,2,4,0,1,6,8,2,1,2,3,3,11,4,1,4,0,4,4,7,3,9,3,0,4,1,0,4,3,3,7,6,3,4,1,2,7,1,2,2,1,3
SIM_CELL_0088,3,1,2,4,4,4,2,4,2,7,7,9,1,4,8,14,2,2,2,1,2,1,1,2,2,4,2,1,1,5,1,2,3,0,6,2,4,3,0,5,5,7,4,6,6,2,4,4,4,4,5,2,6,5,6,7,4,0,5,3,5,3,0,2
SIM_CELL_0089,5,5,4,2,2,0,2,5,7,12,1,11,6,3,9,11,1,4,2,3,3,2,2,0,4,4,2,2,4,2,1,3,3,6,4,4,5,7,2,2,7,7,1,1,3,1,1,0,3,4,6,3,2,5,2,2,4,4,7,3,3,3,3,5
SIM_CELL_0090,3,2,1,3,4,3,2,5,3,1,8,5,1,2,0,10,1,0,3,3,1,3,2,3,4,4,2,2,0,0,0,4,3,4,5,0,6,8,4,3,3,6,2,3,4,3,8,2,4,1,4,3,2,5,5,2,0,2,4,4,4,1,3,4
SIM_CELL_0091,2,1,1,2,1,1,4,13,5,2,7,2,8,4,4,13,4,4,2,5,2,1,1,2,6,4,1,0,1,6,3,1,2,4,2,0,3,5,3,2,2,1,2,3,2,1,4,3,2,7,7,4,2,2,5,4,4,2,6,1,4,4,3,5
SIM_CELL_0092,1,2,3,3,1,3,1,6,1,2,0,3,7,6,5,11,2,2,3,2,1,1,1,4,4,6,2,1,3,4,3,7,2,9,8,1,4,10,2,3,9,5,3,6,5,3,8,2,1,7,3,2,4,5,5,3,3,5,8,5,0,0,3,3
SIM_CELL_0093,1,1,5,3,5,2,7,3,4,4,13,7,4,3,6,8,0,4,2,3,0,1,2,6,9,5,1,0,0,5,1,2,3,6,5,5,4,8,2,4,4,6,3,1,3,1,2,0,4,8,7,2,5,6,4,3,0,4,10,6,3,3,5,5
SIM_CELL_0094,5,0,3,0,2,4,2,2,3,4,4,5,4,3,6,12,2,4,2,5,0,3,1,0,3,2,0,1,0,1,1,1,4,12,2,2,6,4,6,7,4,2,5,5,4,0,2,2,6,3,6,2,2,6,4,2,7,0,12,3,7,3,2,5
SIM_CELL_0095,9,0,3,3,2,2,1,6,2,6,1,7,5,5,7,9,1,6,2,2,1,3,2,0,1,3,0,3,3,1,1,3,3,6,6,1,1,0,4,3,6,5,5,4,2,4,7,1,5,3,2,3,4,3,6,5,6,3,5,4,2,3,3,3
SIM_CELL_0096,2,3,2,0,0,3,6,11,5,6,6,8,2,5,4,10,4,5,0,4,1,3,1,4,2,2,3,3,3,4,1,2,0,4,1,2,4,5,0,1,2,1,5,7,2,1,6,1,4,5,4,7,4,6,4,7,0,5,9,7,3,2,4,2
SIM_CELL_0097,6,3,4,0,5,2,3,7,1,1,4,2,3,4,6,4,1,4,2,7,2,4,2,5,9,1,2,2,6,2,1,2,3,2,10,1,3,5,2,4,5,5,3,6,2,4,5,5,4,6,7,2,0,4,6,6,5,4,7,3,3,2,1,5
SIM_CELL_0098,5,4,3,2,2,2,4,6,3,3,2,4,5,1,2,12,6,7,2,8,2,7,2,5,5,3,1,3,4,6,1,1,1,3,3,2,5,8,1,2,3,4,5,4,2,2,3,3,2,3,5,4,4,6,4,2,2,5,6,3,5,4,2,2
SIM_CELL_0099,6,3,3,1,3,1,5,9,4,0,5,5,6,5,2,6,1,5,0,2,0,2,3,5,4,6,2,0,0,4,1,1,0,3,3,0,4,6,2,1,3,2,5,1,3,1,2,3,2,4,9,5,3,13,6,5,3,5,6,5,4,1,3,3
SIM_CELL_0100,4,8,2,2,7,2,6,9,1,3,2,3,5,0,3,5,3,5,7,6,1,5,3,7,3,2,1,2,2,3,2,1,3,6,3,5,2,4,3,4,10,4,3,5,5,1,5,3,3,3,2,1,1,2,3,5,2,4,7,4,3,3,5,3
SIM_CELL_0101,3,3,1,1,7,3,7,5,3,5,4,2,3,2,5,3,2,5,4,3,5,2,2,4,5,2,0,1,1,8,2,6,1,1,7,3,6,5,1,4,3,3,1,5,5,0,2,2,2,9,9,2,3,2,3,6,1,6,4,5,7,4,4,2
SIM_CELL_0102,7,4,4,3,4,3,5,2,1,3,6,4,1,2,3,8,4,1,2,5,3,6,2,4,4,2,2,3,1,3,4,3,3,6,0,2,9,2,2,3,3,3,0,3,5,5,2,3,1,9,3,4,4,3,4,5,4,0,4,3,1,1,4,2
SIM_CELL_0103,2,4,3,4,2,0,0,4,3,0,2,3,6,2,3,6,0,7,5,4,1,6,1,10,3,0,2,1,4,5,1,2,3,6,3,1,3,8,1,2,7,3,1,3,9,3,2,1,4,10,4,3,3,2,2,4,4,4,9,5,3,2,1,4
SIM_CELL_0104,4,8,6,1,4,0,3,6,4,2,4,2,3,2,4,4,4,6,6,6,3,2,1,10,1,3,0,3,5,5,0,1,9,4,6,2,6,8,4,0,0,4,2,1,7,1,4,3,4,4,2,3,4,5,2,4,2,4,4,1,5,1,4,3
SIM_CELL_0105,8,2,6,4,1,1,1,10,0,2,2,8,3,3,2,7,1,4,3,2,3,1,8,3,2,2,2,1,4,5,3,1,5,3,2,3,4,3,3,9,4,3,1,4,6,6,2,4,3,3,0,2,6,6,1,3,5,2,6,5,3,1,1,2
SIM_CELL_0106,5,5,3,1,2,2,5,4,2,1,3,3,6,5,5,6,4,3,1,5,2,4,1,5,9,0,1,1,4,5,4,6,2,8,3,2,2,9,0,6,6,3,2,2,3,2,1,2,4,5,4,2,5,5,3,6,2,5,4,2,3,3,3,2
SIM_CELL_0107,3,3,2,0,2,2,3,3,2,2,4,4,1,3,4,7,4,6,2,4,1,4,5,3,1,2,1,1,0,4,1,1,8,5,9,4,4,5,4,5,2,2,4,2,6,4,4,4,3,9,1,4,1,5,6,3,3,5,8,3,4,0,4,4
SIM_CELL_0108,4,2,3,2,2,0,3,3,1,0,4,2,2,0,7,6,2,6,3,2,1,4,0,2,2,4,1,1,0,3,2,4,1,2,12,6,5,1,2,3,3,5,2,0,6,2,4,2,2,7,2,0,7,5,0,4,5,4,6,1,0,1,4,4
SIM_CELL_0109,10,4,5,3,6,3,6,8,1,1,3,9,4,4,1,8,3,4,1,5,0,0,5,3,7,3,2,4,5,4,1,1,0,0,5,1,1,2,4,1,4,2,2,3,11,1,2,2,1,5,5,3,3,4,1,7,3,4,8,3,3,4,3,7
SIM_CELL_0110,3,5,6,3,2,6,3,14,2,3,4,3,4,5,1,7,3,8,2,0,5,3,0,5,3,6,1,3,1,7,0,2,4,2,2,6,4,6,1,3,4,6,5,2,5,6,3,2,3,6,5,2,6,4,3,5,3,0,6,1,2,3,7,3
SIM_CELL_0111,5,9,5,1,4,5,3,2,4,1,1,3,1,3,3,3,9,2,4,2,4,2,0,6,5,5,3,2,1,3,2,1,3,1,6,3,3,4,9,2,0,3,1,5,9,2,3,2,4,5,4,5,2,9,2,5,5,1,9,3,4,2,2,4
SIM_CELL_0112,4,9,4,4,3,11,2,7,2,4,3,4,0,1,7,8,5,5,1,3,1,5,0,4,5,7,0,1,2,2,0,4,2,2,3,4,3,6,4,1,6,8,3,1,8,5,2,10,2,12,4,2,3,4,5,4,4,5,4,3,0,5,7,3
SIM_CELL_0113,6,10,2,7,4,5,4,12,2,2,8,3,6,6,2,7,0,3,2,3,1,1,4,2,2,2,1,5,3,3,1,3,4,1,9,2,3,4,1,2,3,4,4,5,6,4,4,2,2,7,5,3,4,3,2,2,5,2,5,2,2,1,3,4
SIM_CELL_0114,5,6,3,4,8,5,7,14,3,0,5,1,6,3,1,6,1,2,1,2,2,4,0,13,6,4,2,2,3,7,0,6,2,1,4,1,6,7,3,3,6,5,4,1,7,1,4,5,3,6,6,1,2,5,5,2,4,3,5,4,4,3,1,1
SIM_CELL_0115,8,7,2,2,8,3,3,10,8,1,6,0,2,2,1,6,0,2,2,3,2,1,0,6,2,4,5,2,2,6,1,2,2,1,8,2,1,3,1,5,4,4,5,2,9,1,3,2,4,4,2,1,2,6,3,3,3,4,6,5,2,0,4,2
SIM_CELL_0116,2,6,6,3,7,5,7,10,5,2,5,3,4,2,0,7,4,0,2,2,4,2,0,4,5,3,3,5,2,1,4,4,7,3,5,4,2,6,3,2,3,2,2,6,2,3,3,4,5,8,4,1,3,7,4,5,1,1,4,4,3,5,5,1
SIM_CELL_0117,10,6,1,4,5,5,6,17,2,4,4,7,1,7,4,5,2,5,1,8,1,1,1,5,5,5,0,2,5,6,4,6,1,0,4,1,2,6,2,4,1,1,1,4,10,1,4,1,2,6,3,1,4,2,1,2,4,1,6,2,1,2,5,3
SIM_CELL_0118,6,4,3,1,5,3,2,6,4,2,3,2,1,4,1,5,1,5,2,4,0,4,2,1,3,3,1,1,2,3,1,4,6,2,8,4,5,4,1,3,4,7,3,3,5,5,3,2,6,4,8,0,7,4,2,4,2,6,3,3,4,2,2,1
SIM_CELL_0119,7,6,5,5,12,8,9,12,2,2,3,5,7,2,4,2,2,2,3,4,1,2,0,4,1,4,2,4,3,6,0,3,5,1,7,4,2,4,1,4,3,3,1,4,4,1,6,6,2,7,3,1,1,5,5,6,4,2,5,2,2,1,9,3
SIM_CELL_0120,9,13,5,3,4,7,3,13,3,1,4,5,4,3,7,6,2,1,2,2,1,2,3,2,1,9,1,3,5,3,3,4,2,2,5,3,7,5,2,6,3,5,3,4,9,4,2,5,2,6,2,4,1,4,4,4,3,2,5,3,2,6,7,4
SIM_CELL_0121,2,6,1,2,3,4,4,3,6,2,7,7,7,7,7,5,0,2,1,5,0,3,0,3,2,6,2,2,0,2,2,1,2,4,5,1,2,3,4,1,4,2,5,5,8,0,3,5,2,6,7,5,4,5,0,9,2,3,6,0,1,1,3,4
SIM_CELL_0122,4,2,3,4,4,3,2,8,5,3,6,7,9,6,7,8,1,3,1,1,3,3,2,4,2,4,5,3,2,5,1,4,2,2,5,4,3,7,2,2,3,3,2,3,11,1,5,3,5,8,12,2,5,3,3,4,6,2,3,4,1,3,4,3
SIM_CELL_0123,6,4,1,2,2,4,3,8,5,4,7,4,6,8,3,8,3,2,3,3,1,0,0,6,3,5,0,3,6,9,1,4,3,2,7,4,2,6,3,3,3,1,2,3,12,3,3,1,0,6,2,4,4,4,4,6,0,2,4,0,3,4,3,3
SIM_CELL_0124,1,2,1,4,1,3,1,7,6,4,4,8,5,6,7,10,5,0,1,3,0,1,0,7,4,2,0,2,2,5,0,3,6,0,7,3,3,4,4,1,4,3,3,4,5,2,8,4,2,10,2,2,5,3,1,4,3,1,4,3,8,1,2,4
SIM_CELL_0125,1,4,1,1,6,2,4,9,6,9,2,1,7,9,3,4,5,3,4,2,1,3,0,5,6,7,1,4,0,2,2,6,4,1,2,1,6,5,5,1,3,6,4,4,7,3,4,2,1,3,5,7,2,5,0,4,2,6,6,4,1,3,3,2
SIM_CELL_0126,3,6,4,1,2,1,3,5,3,3,4,5,10,7,3,3,2,2,1,5,4,2,4,3,6,3,1,0,3,6,1,1,5,5,4,2,2,4,5,0,3,3,5,1,7,4,4,2,4,6,6,7,1,4,4,1,2,3,4,1,4,6,5,1
SIM_CELL_0127,6,4,3,2,3,2,4,3,4,2,5,9,4,7,7,10,2,5,0,4,1,1,2,8,5,4,2,5,2,5,3,3,4,3,2,1,6,5,3,1,5,3,0,4,3,3,3,5,4,3,4,1,4,7,0,2,4,2,4,3,1,4,3,1
SIM_CELL_0128,2,6,0,0,2,3,2,5,8,9,8,3,5,7,7,11,1,3,2,5,3,2,1,2,3,7,0,3,3,5,3,5,2,3,7,3,3,3,7,1,0,3,4,8,11,1,2,6,4,7,5,3,3,4,5,6,2,7,3,2,5,3,2,2
SIM_CELL_0129,4,6,2,1,1,4,4,7,3,4,2,12,8,10,4,7,0,3,2,4,2,2,0,9,2,3,1,3,6,1,1,4,6,3,3,4,6,4,3,2,6,1,3,0,7,2,7,3,6,8,8,2,8,3,3,3,1,3,7,1,4,6,1,1
SIM_CELL_0130,1,6,3,1,3,2,2,7,2,10,10,4,9,3,5,7,3,2,2,3,2,3,0,7,5,3,2,2,3,5,5,4,5,4,5,4,1,1,4,5,3,5,0,4,8,3,4,1,1,5,6,0,5,5,4,8,3,3,4,0,5,6,3,2
SIM_CELL_0131,3,4,3,1,2,0,3,7,7,3,6,7,8,7,2,9,1,4,1,6,2,1,1,4,2,7,2,2,2,5,1,2,1,2,6,2,3,3,2,5,6,2,3,2,5,6,5,2,2,7,1,1,3,3,2,2,2,7,4,1,2,5,0,1
SIM_CELL_0132,5,8,4,0,3,3,2,6,2,5,3,6,8,9,6,10,2,5,1,4,1,2,2,1,5,9,1,3,1,4,4,2,2,2,5,1,0,4,4,1,4,4,1,2,3,6,5,4,5,7,4,1,2,3,0,2,3,4,3,2,1,3,4,3
SIM_CELL_0133,8,4,3,1,1,6,1,6,2,7,6,5,3,5,1,8,6,4,2,7,6,2,2,11,4,5,4,2,4,4,1,5,2,2,9,4,4,2,2,2,2,5,3,3,8,3,3,2,2,8,0,1,1,6,1,3,9,3,11,1,7,8,3,0
SIM_CELL_0134,2,6,0,2,3,2,2,7,1,3,3,7,7,11,4,2,3,8,3,2,3,2,1,6,0,5,3,4,2,7,3,2,5,0,9,7,2,6,6,0,1,6,3,4,7,3,3,3,2,5,7,2,5,8,4,2,4,4,3,3,3,5,3,3
SIM_CELL_0135,2,6,4,0,6,2,5,4,4,6,3,5,2,3,4,1,4,4,3,4,6,3,6,4,3,2,2,2,2,6,1,2,1,2,4,1,3,2,4,4,1,1,4,3,10,2,5,6,0,1,4,2,1,8,3,8,2,5,7,5,1,7,2,4
SIM_CELL_0136,3,3,5,1,5,1,5,8,3,2,7,6,5,4,5,3,3,2,4,4,2,5,3,9,3,4,3,2,1,4,1,2,2,4,11,2,3,4,2,2,7,3,0,5,9,1,2,4,1,12,8,2,2,6,3,0,8,3,1,1,3,2,4,3
SIM_CELL_0137,2,8,3,2,6,7,2,6,0,4,6,3,6,5,2,3,2,5,2,6,2,4,2,5,2,5,1,2,2,1,1,4,3,1,8,1,2,1,1,3,2,5,0,0,3,3,3,4,2,10,4,2,5,4,2,4,4,7,5,5,1,1,5,4
SIM_CELL_0138,6,4,2,3,1,1,0,13,2,2,3,1,3,5,4,3,5,6,4,4,4,2,0,10,3,2,1,2,0,4,2,3,6,1,3,3,0,2,2,4,3,4,0,1,5,2,5,3,1,6,7,2,3,2,0,5,2,2,6,3,3,5,3,2
SIM_CELL_0139,2,7,2,2,4,3,3,5,2,2,3,1,5,1,3,3,5,3,0,3,0,3,5,3,3,3,1,2,2,7,3,3,6,0,11,3,3,10,1,5,3,4,6,7,3,2,4,6,2,4,6,1,6,1,4,1,3,1,6,2,4,1,2,3
SIM_CELL_0140,2,10,3,3,4,4,0,6,5,2,3,1,2,4,1,5,7,3,2,1,4,6,3,6,4,4,3,2,4,5,4,1,1,1,6,4,2,0,2,2,2,5,1,2,8,5,4,5,4,0,7,3,7,3,3,8,5,4,9,5,4,0,0,3
SIM_CELL_0141,6,5,3,0,5,5,5,7,5,3,6,2,3,4,6,5,1,4,3,5,5,5,2,10,7,4,2,3,2,9,2,5,2,5,4,3,4,3,9,4,3,4,3,4,7,1,2,2,2,5,9,1,1,7,4,3,3,6,5,5,2,1,5,3
SIM_CELL_0142,1,3,1,3,2,2,6,4,3,4,1,4,4,3,1,2,0,1,2,2,3,6,2,11,3,2,2,3,6,5,2,5,6,1,11,2,1,8,6,1,5,4,3,1,3,0,2,6,3,9,7,0,2,6,2,5,7,8,2,2,3,3,2,3
SIM_CELL_0143,7,5,2,3,5,2,1,7,2,3,2,3,2,4,3,4,4,6,0,3,7,3,5,4,5,1,3,4,0,6,1,4,2,1,5,3,3,4,4,5,4,8,5,3,8,0,7,2,4,6,10,2,4,3,5,4,5,4,4,4,0,1,8,2
SIM_CELL_0144,4,5,6,1,8,1,0,5,1,5,2,2,3,6,2,2,1,3,2,1,5,6,1,8,5,3,0,3,4,6,3,5,7,1,4,3,4,4,2,4,7,4,1,1,1,2,7,4,2,14,6,1,5,6,1,5,4,3,4,2,4,2,3,4
SIM_CELL_0145,3,8,2,7,7,5,2,10,5,0,6,5,7,1,3,4,3,6,0,3,1,2,2,3,2,1,3,1,1,2,1,4,2,5,2,1,5,7,2,7,4,2,4,2,5,4,4,2,7,13,4,2,1,5,4,4,3,3,5,1,6,1,4,4
SIM_CELL_0146,4,7,4,5,4,5,6,13,6,5,6,2,4,4,2,5,1,2,4,4,4,1,2,3,4,2,3,3,6,6,3,5,6,1,7,0,3,3,3,4,1,8,2,2,3,2,5,4,2,9,4,2,1,6,5,3,1,3,5,3,2,5,5,6
SIM_CELL_0147,1,10,5,4,4,6,5,8,2,4,5,4,6,5,8,3,4,3,3,0,0,3,4,1,3,1,3,3,3,1,6,3,0,1,3,5,5,4,2,6,5,3,1,4,3,0,5,4,4,5,2,1,5,5,5,4,4,6,5,8,7,5,3,5
SIM_CELL_0148,2,7,3,3,11,7,3,2,3,4,3,3,4,3,5,7,3,4,1,2,1,8,5,5,3,5,1,8,5,2,2,3,1,3,4,3,0,8,4,4,3,4,3,0,5,3,3,6,4,12,4,3,1,9,3,3,2,4,1,2,1,4,3,3
SIM_CELL_0149,3,4,3,2,7,3,7,7,5,7,3,3,5,1,4,8,5,6,1,2,0,2,5,2,3,5,1,5,3,2,2,2,3,3,6,3,7,3,6,5,8,4,4,5,4,1,1,4,5,13,9,4,0,4,3,5,2,5,5,0,7,3,3,5
SIM_CELL_0150,2,6,4,1,6,2,12,7,2,4,7,2,5,1,1,2,2,1,1,2,1,5,5,4,3,1,1,3,2,5,3,4,1,0,7,5,1,7,1,3,3,3,4,1,1,1,4,1,3,2,6,3,4,5,3,5,4,4,7,6,1,3,3,1
SIM_CELL_0151,7,8,7,4,6,4,10,8,2,0,5,5,2,7,3,3,1,6,2,1,4,2,3,2,2,0,2,2,4,0,3,3,0,2,2,1,3,5,0,5,1,5,3,1,3,1,3,3,2,7,8,1,5,3,3,4,3,4,5,0,4,3,2,3
SIM_CELL_0152,4,6,7,2,3,7,10,3,0,4,5,4,7,2,1,5,3,4,3,3,0,1,0,6,1,3,7,3,5,4,7,1,4,3,7,0,3,2,4,2,2,1,1,4,1,4,1,3,2,9,6,2,3,6,7,3,3,4,7,5,7,6,3,6
SIM_CELL_0153,2,9,7,2,5,3,6,10,2,2,2,0,8,5,3,4,1,4,3,1,1,8,5,3,5,4,6,0,6,2,2,4,3,1,5,1,2,6,2,4,1,4,1,2,2,3,4,5,4,10,2,4,2,4,7,12,3,7,8,5,2,5,3,3
SIM_CELL_0154,4,6,6,5,9,2,11,1,2,1,5,6,7,1,1,4,3,3,1,5,0,1,0,8,2,6,0,6,6,2,2,3,3,1,5,3,2,3,0,2,1,5,0,2,5,0,8,3,5,12,3,5,1,2,2,4,1,4,4,4,3,5,2,1
SIM_CELL_0155,3,3,3,5,8,2,6,6,3,2,4,4,7,6,2,2,1,4,2,4,1,2,1,8,2,4,2,2,1,3,4,6,1,5,4,2,2,7,1,4,6,4,4,4,2,2,4,5,1,10,2,0,5,1,4,0,2,5,2,8,1,2,1,4
SIM_CELL_0156,4,5,3,1,7,6,2,8,3,4,6,7,4,4,4,7,1,0,4,5,0,1,6,5,3,4,0,1,3,0,1,4,1,1,4,4,2,7,4,2,2,2,3,1,1,1,4,1,3,10,4,3,1,3,4,5,4,7,5,7,4,3,3,4
SIM_CELL_0157,4,6,3,0,2,7,6,7,10,3,6,10,7,5,4,5,2,5,3,6,2,2,5,1,3,5,3,2,2,3,2,3,2,5,7,5,5,6,1,2,3,9,2,1,1,3,2,5,1,7,2,3,3,6,0,5,4,3,5,2,6,4,3,2
SIM_CELL_0158,4,2,6,4,7,2,2,4,7,2,10,6,7,4,9,5,1,4,2,2,3,2,4,3,1,3,1,3,2,1,0,3,4,1,7,1,6,7,4,3,3,7,1,3,3,1,0,6,2,8,3,3,4,3,1,7,2,5,3,8,3,2,3,4
SIM_CELL_0159,5,1,6,2,4,3,4,4,10,2,3,9,6,3,5,12,1,9,4,2,1,3,2,7,4,5,1,2,4,4,6,3,5,3,4,2,2,4,5,5,5,2,4,4,2,1,4,2,4,2,5,5,1,1,2,4,3,5,5,1,7,2,4,8
SIM_CELL_0160,1,8,5,3,1,2,9,7,2,3,8,7,7,5,9,2,4,2,4,1,4,2,2,2,3,5,2,1,5,4,4,3,5,1,7,2,3,2,5,1,1,3,3,1,4,3,1,2,3,7,6,0,6,1,3,5,5,4,4,3,4,4,0,6
SIM_CELL_0161,2,7,4,1,6,4,5,4,2,10,9,7,11,9,5,4,1,2,1,0,1,0,1,5,6,2,1,2,4,1,6,1,3,4,8,3,2,6,3,5,4,1,2,3,2,1,6,3,8,11,4,3,0,2,2,5,1,4,6,3,3,2,2,5
SIM_CELL_0162,1,4,4,5,4,2,6,4,3,2,7,6,8,5,6,4,0,2,1,0,1,2,1,2,1,0,2,1,1,4,3,2,0,2,4,5,5,6,1,3,0,5,0,4,1,1,1,3,3,6,1,2,4,3,2,4,4,5,6,7,7,4,1,2
SIM_CELL_0163,3,1,4,1,3,4,6,6,5,2,2,1,7,2,7,5,1,4,3,4,0,5,4,4,1,4,3,2,3,4,2,4,0,1,6,1,1,3,1,2,6,4,5,2,2,3,4,4,2,2,3,2,3,5,3,6,4,2,2,1,4,2,0,3
SIM_CELL_0164,3,5,3,0,3,3,5,4,1,4,10,5,8,3,3,7,0,6,1,4,0,3,5,2,1,2,0,3,2,4,2,5,0,1,6,4,3,7,4,6,3,2,3,4,6,3,4,4,5,15,5,2,2,4,4,6,4,0,6,2,3,3,3,1
SIM_CELL_0165,3,4,3,0,3,5,1,5,2,5,7,10,6,5,10,7,3,2,1,3,4,2,3,4,4,4,1,0,0,4,1,6,0,2,6,0,2,6,5,3,4,2,4,7,4,1,6,3,2,9,5,1,4,3,6,4,4,4,1,2,3,2,1,4
SIM_CELL_0166,5,6,4,1,3,1,6,10,8,8,4,10,5,1,3,10,2,0,2,2,1,1,2,3,3,1,3,5,3,5,4,4,0,6,4,7,0,5,5,4,3,1,4,4,1,2,8,4,2,6,5,1,2,5,2,6,0,4,2,4,0,4,2,2
SIM_CELL_0167,4,1,3,2,5,6,1,3,5,8,7,8,11,7,7,9,0,2,3,0,3,3,4,0,3,5,3,4,5,2,4,2,2,1,7,1,2,6,1,2,5,1,5,4,3,3,3,3,7,13,6,3,3,5,6,5,0,7,3,4,3,5,2,1
SIM_CELL_0168,1,7,2,2,2,0,0,2,4,4,4,10,11,3,3,15,3,3,1,3,2,4,2,4,1,1,2,0,3,1,0,2,3,5,1,4,2,11,1,1,3,6,3,3,2,3,5,4,3,13,8,4,3,3,3,6,3,6,4,4,2,5,2,2
SIM_CELL_0169,4,3,0,1,6,3,3,7,5,2,9,6,4,4,2,4,3,5,1,6,6,7,5,4,1,1,5,0,1,5,5,7,3,3,3,2,4,3,2,3,4,2,0,3,3,7,2,12,2,6,1,4,4,2,3,5,1,4,2,5,5,5,1,1
SIM_CELL_0170,7,6,6,1,2,4,6,8,2,2,2,5,6,2,1,3,1,9,1,3,5,4,4,9,0,1,4,2,2,5,2,3,7,4,6,3,2,6,3,4,3,3,4,3,2,4,6,1,0,6,4,5,5,6,6,9,2,2,6,2,1,3,1,7
SIM_CELL_0171,6,4,4,5,5,4,2,4,2,2,6,2,6,2,3,6,4,6,4,2,1,3,6,5,3,2,0,3,5,0,3,2,2,3,3,1,2,3,3,3,0,3,0,2,4,4,3,6,2,7,2,5,6,2,3,4,2,2,3,3,1,1,2,5
SIM_CELL_0172,6,6,3,1,5,3,6,5,2,3,3,7,8,2,5,4,2,7,2,3,2,2,6,5,3,4,2,6,3,4,4,4,2,2,6,2,4,5,4,4,5,2,0,3,4,2,6,1,6,7,5,1,3,1,4,5,4,7,3,2,6,3,3,0
SIM_CELL_0173,1,8,3,1,3,1,6,5,4,1,8,7,2,4,1,1,2,5,5,5,3,8,2,5,4,1,4,5,1,4,1,3,1,1,6,1,3,9,4,4,5,3,5,2,3,2,7,2,1,7,5,2,2,3,7,6,2,9,4,3,8,4,5,3
SIM_CELL_0174,0,7,6,0,1,7,6,4,4,2,2,9,8,2,1,2,5,3,1,10,5,4,2,6,4,0,0,5,5,2,4,2,3,3,6,0,4,7,4,0,2,7,2,1,3,4,2,4,0,12,3,4,4,2,2,1,4,1,2,2,4,3,3,4
SIM_CELL_0175,5,8,1,3,1,6,4,10,0,3,3,4,8,5,2,4,1,4,5,4,5,3,4,6,3,2,3,2,5,8,3,3,11,3,6,10,1,5,3,1,6,1,1,5,8,2,4,6,0,7,2,4,1,7,1,9,4,8,9,4,3,4,4,1
SIM_CELL_0176,3,2,2,0,1,1,0,9,8,1,3,7,4,3,1,4,1,11,3,8,3,4,9,7,5,1,3,3,5,8,0,3,4,2,10,0,4,10,2,3,2,2,0,2,5,0,1,6,4,9,6,3,4,11,1,5,0,5,5,1,4,4,4,3
SIM_CELL_0177,2,6,6,4,3,3,4,6,1,1,3,3,7,4,3,4,0,4,3,5,2,11,7,8,0,0,0,4,2,6,3,2,1,0,7,2,4,5,2,4,4,3,2,5,4,0,3,3,1,5,3,4,3,3,2,5,4,4,3,0,6,3,5,4
SIM_CELL_0178,5,5,3,2,5,3,7,4,3,0,4,7,4,2,4,7,2,8,1,5,5,6,2,3,3,4,3,2,3,4,3,3,4,3,5,2,1,5,1,4,2,6,3,2,5,2,2,6,2,2,4,0,3,2,4,5,4,9,2,1,5,1,0,2
SIM_CELL_0179,5,5,1,2,4,4,5,6,3,1,4,4,7,4,6,0,2,11,3,5,1,6,6,4,3,1,0,3,3,7,2,4,3,1,6,6,9,5,1,6,2,6,4,6,8,3,5,4,3,8,1,1,4,10,4,5,2,6,2,1,3,7,4,7
SIM_CELL_0180,4,0,3,2,4,3,8,7,2,2,7,5,4,1,2,2,2,4,1,5,3,5,4,6,1,1,0,3,4,4,3,0,1,7,5,1,0,8,2,5,1,1,4,4,5,2,11,2,4,8,5,4,3,2,1,2,5,4,4,6,4,4,2,4
SIM_CELL_0181,0,2,7,6,4,7,4,7,1,3,5,2,2,2,3,3,1,5,2,4,2,2,3,0,3,1,0,3,6,3,3,5,0,1,3,0,0,10,1,4,5,2,2,7,8,3,8,5,3,3,5,2,3,3,4,3,3,8,6,5,2,2,4,3
SIM_CELL_0182,4,8,16,5,5,1,1,2,3,1,9,2,6,1,4,2,2,1,3,6,4,7,2,3,7,3,0,2,1,2,4,6,2,5,4,2,3,6,3,4,4,3,1,13,5,3,7,2,3,4,6,4,3,3,6,3,8,3,6,3,3,4,5,0
SIM_CELL_0183,6,3,6,7,4,4,1,5,6,8,6,2,1,3,3,5,2,3,3,1,3,2,5,5,2,1,1,1,0,6,4,2,3,3,4,2,0,3,1,6,3,4,5,6,4,1,5,3,4,7,3,5,6,4,1,6,3,3,5,3,0,2,5,5
SIM_CELL_0184,2,2,12,9,8,7,4,8,8,8,5,1,6,2,4,2,5,4,3,1,2,3,3,3,4,6,2,3,8,6,1,7,3,7,1,3,1,4,5,2,3,4,2,7,7,1,3,1,4,9,6,5,5,4,5,4,2,7,4,5,7,0,6,2
SIM_CELL_0185,5,9,9,4,6,4,3,5,3,5,3,3,2,4,2,3,1,3,1,5,1,4,4,1,4,6,0,3,4,1,3,4,1,3,4,3,0,3,7,0,3,1,2,2,2,2,6,2,0,2,2,7,3,5,7,5,6,2,3,2,4,3,4,1
SIM_CELL_0186,3,4,13,3,8,4,5,9,2,0,5,3,4,4,5,3,2,5,2,1,2,4,5,3,1,2,1,2,4,2,0,3,1,3,3,0,1,4,6,2,0,1,0,3,11,5,5,5,2,2,2,7,0,6,5,5,4,4,10,5,3,3,3,6
SIM_CELL_0187,4,4,6,3,3,7,1,8,3,6,2,2,4,1,4,6,6,2,3,2,1,8,3,3,2,4,2,4,1,6,5,3,2,1,4,0,1,3,4,3,5,4,1,1,13,1,4,5,5,3,5,5,3,2,1,2,2,4,5,2,0,3,3,0
SIM_CELL_0188,1,5,9,7,4,7,3,4,1,4,6,0,2,5,6,4,2,3,1,1,5,4,2,0,4,4,1,3,4,4,4,6,4,5,3,1,2,4,4,2,4,1,3,7,7,2,5,2,3,6,5,2,6,1,2,1,6,5,6,2,4,1,4,4
SIM_CELL_0189,4,3,11,8,4,6,2,6,3,3,6,4,5,1,3,4,9,3,2,6,2,7,5,3,4,2,2,2,5,4,9,5,2,3,3,1,1,1,2,4,3,2,0,4,9,4,8,2,2,3,6,4,5,5,6,3,5,3,3,3,3,2,2,3
SIM_CELL_0190,8,4,4,4,5,9,1,6,4,6,2,1,2,3,5,2,4,6,1,1,1,1,1,1,2,2,2,2,2,2,0,4,1,1,4,1,4,7,4,2,3,4,4,7,12,1,3,6,2,8,4,8,6,2,5,6,3,9,5,3,3,4,5,4
SIM_CELL_0191,2,4,6,5,3,7,4,6,7,7,3,2,3,3,9,2,2,1,0,2,2,6,3,1,6,1,3,2,2,4,2,1,3,2,3,5,0,3,1,1,1,2,2,4,4,0,3,0,0,4,5,3,1,3,1,5,2,0,8,2,0,0,4,3
SIM_CELL_0192,7,3,11,1,4,9,3,9,3,7,5,2,4,4,2,1,3,6,1,1,1,4,3,3,4,5,1,0,2,6,4,6,1,5,3,1,6,5,4,2,1,2,1,11,7,4,7,2,1,9,2,4,5,6,5,8,7,7,2,4,1,1,6,1
SIM_CELL_0193,6,4,9,2,0,1,2,4,4,4,14,6,1,2,7,5,6,6,2,1,1,2,3,2,2,2,3,5,1,3,5,5,3,4,6,3,3,3,5,2,3,2,6,7,9,3,6,3,0,7,1,3,3,1,1,5,5,8,11,2,2,3,3,3
SIM_CELL_0194,5,4,4,3,2,2,3,7,8,10,5,7,3,3,5,5,3,1,2,1,2,5,3,2,4,1,0,2,5,5,2,3,4,3,5,4,2,10,4,3,4,3,2,4,3,4,4,3,1,4,0,6,5,3,2,1,5,4,5,6,3,3,8,5
SIM_CELL_0195,4,4,6,4,1,5,2,6,6,4,7,1,6,4,5,5,6,3,2,4,3,4,3,1,2,4,0,3,5,3,2,12,2,2,6,3,1,4,2,2,3,5,3,9,4,5,4,4,4,6,2,4,2,5,4,0,4,5,8,4,2,2,6,4
SIM_CELL_0196,1,5,4,4,3,2,7,8,8,2,6,2,2,4,8,5,4,4,1,1,3,3,3,1,4,1,3,3,0,1,3,6,2,1,1,3,2,3,6,4,5,1,2,1,6,3,5,3,0,11,2,2,4,4,2,3,3,7,2,4,2,1,2,3
SIM_CELL_0197,1,4,4,6,1,5,0,4,7,5,5,4,5,5,8,1,3,2,0,0,2,3,3,3,5,4,1,2,0,3,6,4,4,4,3,4,2,6,1,4,1,3,5,7,6,5,1,2,1,7,3,6,1,6,4,3,6,10,4,4,5,3,4,2
SIM_CELL_0198,4,3,1,1,2,3,1,4,5,10,13,5,8,5,2,4,2,4,4,1,2,1,2,5,4,2,1,1,5,3,2,2,1,2,2,2,4,6,2,2,1,4,2,3,3,0,4,4,4,8,9,3,4,2,4,4,5,4,6,5,3,1,8,4
SIM_CELL_0199,3,3,7,4,2,3,2,9,6,5,3,3,0,10,7,5,1,0,2,3,4,5,2,0,2,2,1,4,6,2,0,6,2,3,3,1,1,4,4,1,0,4,4,8,4,3,5,1,2,6,6,2,4,3,4,2,7,9,5,2,1,1,5,5
SIM_CELL_0200,3,4,4,1,1,0,1,5,8,3,5,6,5,3,9,5,6,2,4,3,2,5,1,4,2,3,0,4,2,6,4,5,2,5,5,1,3,1,6,5,3,4,4,2,8,6,4,2,1,7,4,4,9,4,3,2,2,5,9,2,3,1,3,1
SIM_CELL_0201,1,3,0,4,1,1,2,3,6,6,10,1,5,3,7,3,2,2,1,1,2,2,0,5,6,5,2,3,2,5,4,5,0,4,4,2,3,3,1,4,9,5,1,3,9,5,6,4,0,5,4,5,4,3,3,3,3,6,4,0,4,4,3,8
SIM_CELL_0202,5,8,6,3,3,4,3,10,5,3,10,3,9,6,5,3,3,0,3,4,1,2,3,4,4,5,0,3,1,5,3,7,3,3,3,0,5,3,2,6,3,2,3,6,14,0,7,3,2,9,5,2,6,2,4,7,4,4,12,2,2,1,2,3
SIM_CELL_0203,0,3,5,1,7,4,1,8,4,7,7,0,12,1,6,3,4,3,0,5,1,3,4,3,3,3,2,4,3,2,3,6,3,1,3,5,1,4,5,2,3,3,2,8,6,3,4,1,2,9,3,1,5,1,4,2,5,5,7,3,5,1,6,3
SIM_CELL_0204,1,1,3,5,3,2,2,4,9,3,8,2,11,0,8,3,3,2,1,2,5,3,2,1,2,0,1,5,5,2,0,5,3,1,0,3,3,5,2,5,5,1,1,4,12,5,7,1,4,4,3,1,3,2,3,3,5,5,6,1,4,0,3,3
SIM_CELL_0205,2,1,5,7,3,1,4,4,3,3,1,1,6,1,7,1,8,7,3,3,6,6,7,9,2,3,2,2,6,1,3,5,1,3,5,3,3,4,4,1,1,5,2,4,3,3,3,2,0,4,1,1,2,3,1,4,3,3,10,2,0,3,7,3
SIM_CELL_0206,2,3,2,3,2,3,0,8,1,5,3,5,4,2,3,4,9,4,1,4,4,3,5,9,4,2,1,0,2,5,0,9,2,0,4,8,1,4,0,5,5,1,0,3,10,7,4,4,0,5,1,3,8,2,1,0,3,5,4,4,1,2,8,2
SIM_CELL_0207,0,2,5,4,3,5,6,3,2,5,5,2,1,2,1,2,6,5,9,5,5,7,5,3,2,4,0,5,1,2,2,0,4,3,4,3,4,3,3,4,4,4,0,7,6,4,12,4,3,3,4,3,4,5,1,8,1,6,5,2,4,0,3,4
SIM_CELL_0208,3,5,9,0,6,3,6,8,3,0,2,1,6,4,6,3,8,9,3,6,2,4,7,3,2,3,2,3,5,2,4,6,2,3,3,1,2,2,1,2,4,0,0,3,6,2,15,2,2,7,2,0,6,3,3,4,4,4,5,0,0,3,6,1
SIM_CELL_0209,0,3,8,3,5,4,4,4,4,2,7,2,4,2,2,3,3,5,4,1,5,5,2,3,3,1,0,3,3,2,4,6,7,2,3,4,1,3,4,0,1,2,4,2,5,1,0,3,4,10,5,2,2,5,3,6,3,6,3,4,2,0,3,1
SIM_CELL_0210,3,5,4,2,5,3,3,2,3,4,5,2,6,3,6,7,7,8,1,3,2,4,3,8,0,1,0,2,3,8,4,3,2,3,8,5,2,1,6,2,2,2,2,5,8,3,7,5,1,0,2,5,8,3,4,4,4,6,6,4,3,1,2,5
SIM_CELL_0211,2,7,8,1,2,6,0,11,0,6,5,0,3,4,3,3,4,4,4,2,4,3,9,5,3,2,0,2,1,3,4,4,2,3,4,2,4,4,2,5,7,0,2,5,1,6,5,2,1,4,3,6,2,8,2,2,3,6,4,6,2,3,1,3
SIM_CELL_0212,0,7,6,0,4,0,3,5,2,3,1,2,5,4,4,2,4,3,2,1,6,7,3,4,4,0,3,3,7,5,3,6,4,2,4,5,4,1,2,5,3,3,4,8,7,4,2,3,1,4,7,4,2,5,6,4,3,6,12,2,1,5,7,2
SIM_CELL_0213,0,2,5,5,4,4,1,4,5,4,4,2,1,2,1,1,5,1,4,2,2,4,4,5,6,3,0,2,3,6,1,3,5,1,2,1,3,2,0,2,3,3,3,4,11,6,6,6,1,4,3,5,1,1,5,3,4,7,5,3,2,3,4,2
SIM_CELL_0214,3,5,6,5,4,3,3,3,3,0,3,1,4,4,1,3,9,10,4,2,2,2,1,2,2,3,0,6,5,2,1,3,4,5,2,2,5,4,3,2,4,2,2,6,6,3,6,5,2,9,3,0,2,5,5,5,1,7,5,2,1,1,5,1
SIM_CELL_0215,3,3,3,3,4,2,4,9,2,2,9,0,4,2,1,1,10,9,3,5,2,2,2,5,2,4,1,3,9,4,1,2,3,3,6,3,4,3,6,4,6,5,1,6,5,1,1,3,4,9,5,8,4,1,7,4,4,7,7,5,2,2,4,6
SIM_CELL_0216,3,3,5,1,3,5,1,10,2,7,6,3,2,3,2,1,6,6,1,5,6,1,4,8,2,5,3,3,2,1,2,6,3,3,2,3,1,3,2,2,1,4,5,9,6,2,3,7,4,8,1,8,4,1,2,2,2,5,3,5,0,2,4,3
SIM_CELL_0217,9,3,5,5,6,1,7,12,4,3,9,4,1,1,4,5,2,4,7,5,0,2,2,11,3,4,3,3,5,4,8,2,1,3,6,0,6,7,6,3,2,2,2,4,8,2,6,2,4,9,6,3,2,12,6,3,3,5,5,7,3,1,1,1
SIM_CELL_0218,7,2,17,4,2,5,3,10,3,3,5,5,2,2,3,6,4,2,3,2,4,6,2,6,8,3,4,2,8,9,8,0,3,2,2,2,5,2,0,1,4,4,4,1,7,1,7,1,4,6,5,4,6,3,5,3,2,4,4,5,2,1,0,3
SIM_CELL_0219,6,3,11,4,5,5,4,13,2,3,3,6,0,0,6,5,1,2,6,6,1,5,4,8,5,4,2,5,6,3,4,2,1,2,4,2,6,9,4,0,2,2,4,1,5,2,1,4,2,8,10,1,5,8,0,3,3,2,2,2,3,2,5,1
SIM_CELL_0220,7,7,16,3,3,4,2,8,2,3,4,3,6,1,1,4,1,1,2,2,5,5,4,4,3,6,0,4,5,6,3,2,2,0,1,3,3,6,4,2,7,5,1,3,3,2,3,3,4,9,7,2,1,4,4,8,2,4,4,3,3,2,2,1
SIM_CELL_0221,8,2,6,2,3,3,3,12,4,3,1,2,8,1,3,3,0,4,4,3,5,2,5,1,6,0,1,2,10,2,2,2,2,0,4,4,4,5,2,0,2,2,1,4,3,2,4,5,4,6,4,4,3,7,2,1,3,3,5,3,3,5,0,3
SIM_CELL_0222,5,10,6,3,5,6,2,10,1,1,5,2,7,1,1,3,3,1,3,2,2,0,5,8,6,3,2,3,9,5,3,3,3,3,2,3,4,3,3,1,1,0,1,3,7,1,1,2,2,8,9,2,1,2,1,2,1,5,7,0,0,3,0,1
SIM_CELL_0223,5,1,7,2,8,0,3,7,4,2,3,4,4,4,3,1,1,5,4,8,5,2,2,4,3,4,1,2,8,7,3,4,3,0,3,1,2,8,2,3,3,1,2,3,9,1,7,6,3,10,7,3,6,5,5,3,1,6,6,4,3,1,3,6
SIM_CELL_0224,6,4,9,5,3,1,5,7,0,0,1,1,5,1,2,4,5,1,2,2,3,3,0,4,3,2,2,5,10,8,2,4,1,1,5,7,2,2,3,1,2,3,2,2,8,0,4,2,4,4,11,4,2,3,2,2,1,4,9,4,4,2,1,3
SIM_CELL_0225,4,6,13,1,6,1,3,5,0,1,6,5,8,1,2,4,4,1,0,6,4,3,3,2,6,4,0,5,3,5,4,3,1,1,4,3,7,1,5,3,4,2,1,2,6,1,6,1,3,3,5,3,4,7,2,5,2,4,3,4,1,2,4,2
SIM_CELL_0226,13,5,8,2,5,1,2,10,6,2,10,4,2,1,7,5,1,4,1,3,6,3,7,1,6,6,0,6,12,4,7,4,0,1,2,3,3,4,3,2,4,3,2,2,9,3,4,4,4,6,1,2,2,5,0,4,5,3,4,5,7,2,1,3
SIM_CELL_0227,12,8,10,6,6,6,3,5,3,2,2,1,2,2,3,3,0,2,3,2,1,2,3,2,7,2,2,4,10,10,5,1,1,2,5,3,1,2,4,1,4,5,1,6,2,2,3,0,2,5,4,2,1,6,2,5,4,7,7,1,2,3,2,0
SIM_CELL_0228,11,0,13,8,3,6,3,8,2,5,6,3,4,3,2,5,2,5,2,2,6,2,2,2,8,2,2,3,4,4,5,5,1,2,6,3,1,6,2,3,4,2,2,6,8,3,5,2,4,3,5,4,5,3,6,6,1,5,8,2,3,0,2,2
SIM_CELL_0229,4,5,2,2,2,2,3,4,2,9,10,7,5,3,4,3,1,3,2,4,3,1,2,4,5,3,3,0,8,4,4,2,0,1,6,2,5,2,5,1,6,5,1,4,3,1,4,0,2,7,5,3,4,4,1,2,2,4,7,3,2,5,3,1
SIM_CELL_0230,1,4,1,2,3,1,2,9,2,5,8,6,5,6,1,4,3,1,5,4,3,2,1,3,6,2,3,0,4,7,1,4,4,3,4,2,5,3,2,1,4,5,2,5,0,2,4,3,5,8,7,1,3,4,4,1,2,8,2,3,3,2,4,1
SIM_CELL_0231,6,5,3,1,4,1,3,3,3,4,8,8,10,6,2,7,3,3,6,0,3,1,0,3,6,5,2,5,6,2,2,6,4,3,3,1,3,3,3,3,5,3,5,1,8,3,2,2,5,11,5,4,3,4,3,5,3,1,4,3,2,4,4,3
SIM_CELL_0232,4,8,5,4,0,4,2,7,6,4,9,7,4,6,2,1,3,3,3,1,2,3,5,1,7,3,0,5,5,7,4,4,5,1,2,4,2,5,6,1,0,4,1,1,4,3,2,1,6,5,10,3,3,5,6,1,4,4,3,2,6,2,4,3
SIM_CELL_0233,3,13,2,1,8,4,2,5,6,1,7,2,1,8,10,10,1,2,4,5,1,2,7,3,5,5,3,2,12,11,1,1,3,1,1,2,8,2,6,2,1,6,3,1,3,0,2,0,5,4,9,4,3,10,3,5,2,9,3,4,2,2,3,6
SIM_CELL_0234,5,5,2,4,2,0,0,6,5,3,5,5,12,4,5,8,0,4,9,1,3,2,2,4,4,5,0,4,6,2,3,4,1,3,7,3,5,5,3,1,2,1,0,1,1,1,6,3,3,7,10,1,4,7,3,4,2,7,4,2,2,0,4,0
SIM_CELL_0235,3,3,6,3,4,4,2,11,3,7,13,5,8,4,4,4,1,0,2,6,1,3,4,6,2,5,0,3,11,7,3,4,1,3,0,4,2,4,4,3,0,4,1,5,5,1,2,5,5,8,5,0,2,4,2,5,1,5,10,0,6,2,2,2
SIM_CELL_0236,5,3,6,4,1,2,1,13,7,6,4,2,8,6,4,3,3,3,2,1,2,3,4,5,6,7,1,5,6,4,2,3,0,3,3,3,5,10,2,2,6,5,3,2,8,4,2,8,5,8,10,4,1,5,2,3,3,2,4,1,6,0,0,3
SIM_CELL_0237,4,5,4,2,3,1,2,4,2,3,5,5,5,5,5,6,1,3,5,2,0,6,3,4,5,3,0,2,4,7,2,3,4,0,4,1,1,7,1,4,3,5,0,6,7,0,1,3,3,5,6,3,5,5,5,1,3,9,5,1,4,0,1,4
SIM_CELL_0238,3,5,4,0,4,2,2,4,2,2,7,9,4,2,5,6,1,0,4,3,2,5,4,5,4,6,1,2,6,2,1,4,0,1,5,1,2,5,1,1,2,2,2,4,6,1,2,5,2,7,4,1,0,6,4,4,3,0,7,1,4,3,2,2
SIM_CELL_0239,7,3,4,5,1,1,2,12,5,8,2,5,4,4,3,3,1,1,7,5,2,4,3,2,3,4,1,3,9,2,3,3,2,2,8,5,5,6,4,2,3,5,2,2,5,1,5,2,1,6,2,1,3,9,0,3,4,4,6,2,2,0,2,0
SIM_CELL_0240,4,5,5,2,2,6,0,3,4,3,4,9,4,3,7,4,1,7,4,6,1,2,2,4,6,3,2,4,9,3,2,4,1,2,7,5,2,3,3,0,4,4,0,1,8,4,2,1,2,6,3,0,5,6,5,3,5,9,6,0,1,2,2,4
SIM_CELL_0241,3,5,6,5,2,0,1,4,3,2,8,4,6,1,4,2,3,7,2,2,3,6,4,6,5,4,0,7,8,3,2,2,0,2,5,3,4,4,0,0,3,1,1,1,3,3,4,3,0,9,3,0,3,10,2,8,4,8,7,2,2,5,2,3
SIM_CELL_0242,6,2,3,3,1,2,6,7,3,5,2,6,3,2,0,5,3,2,4,1,3,2,3,6,2,1,1,4,10,1,3,3,6,2,1,2,8,4,2,1,6,5,1,1,7,1,2,0,4,6,13,6,5,3,2,7,4,5,3,4,2,1,2,4
SIM_CELL_0243,3,7,6,4,4,2,1,4,1,3,7,9,8,3,1,2,4,2,3,4,1,1,4,2,8,4,0,2,9,5,2,4,1,3,6,3,3,5,6,2,5,7,2,2,7,3,6,4,3,10,6,2,2,6,5,2,1,0,4,1,4,1,3,2
SIM_CELL_0244,2,9,1,0,3,4,1,7,2,1,4,1,5,1,3,3,2,3,6,7,4,2,6,5,4,5,1,5,12,5,5,2,2,3,6,4,8,6,1,3,4,4,2,1,7,4,1,5,3,5,9,0,0,2,5,5,2,6,2,4,1,0,2,1
SIM_CELL_0245,2,6,4,3,2,4,3,10,4,2,9,5,7,1,1,3,1,7,4,4,6,4,3,7,3,2,1,2,11,5,2,4,4,0,10,1,2,2,2,0,2,1,2,0,9,0,5,4,4,8,7,1,5,5,0,2,2,6,8,3,2,4,1,2
SIM_CELL_0246,3,7,7,4,0,3,4,4,3,1,6,2,3,4,3,6,4,3,3,1,5,5,4,4,3,2,3,3,8,6,1,5,2,1,3,0,1,5,1,1,0,2,2,3,9,1,5,5,5,4,4,4,6,5,5,5,5,4,1,1,5,5,5,4
SIM_CELL_0247,0,5,4,3,2,4,4,7,4,0,1,5,7,5,2,6,3,4,1,8,3,3,8,6,2,3,2,3,8,9,3,3,1,1,5,1,4,2,5,4,2,5,0,7,8,4,4,4,4,8,8,2,5,3,6,4,3,2,3,2,2,6,0,2
SIM_CELL_0248,3,6,3,0,4,5,6,6,1,4,0,4,3,1,4,1,5,3,1,7,4,4,10,9,6,6,1,3,5,4,2,6,2,4,5,1,3,2,1,5,5,3,3,4,3,3,3,5,6,9,7,1,1,7,1,4,1,1,3,1,1,8,0,1
SIM_CELL_0249,1,4,5,3,3,4,3,8,2,0,4,3,11,0,2,5,1,5,4,4,4,5,5,3,1,7,1,4,3,9,5,3,3,2,2,8,5,4,5,2,2,0,3,0,8,4,7,4,10,7,5,0,5,7,8,4,5,3,6,1,6,1,1,4
SIM_CELL_0250,2,1,9,4,2,2,3,9,3,3,5,2,9,4,3,1,3,5,4,6,2,7,4,12,5,5,0,3,10,5,5,2,1,3,2,4,4,3,1,1,0,2,1,4,6,2,8,7,2,3,3,3,5,4,1,2,3,4,5,1,4,2,3,4
SIM_CELL_0251,2,5,5,5,1,1,2,6,3,5,2,2,1,1,3,3,2,1,5,6,7,1,1,10,5,5,2,1,6,3,2,4,3,1,8,4,2,5,6,3,2,2,2,1,6,0,4,6,2,15,4,1,2,1,3,4,3,2,3,2,5,2,3,6
SIM_CELL_0252,1,4,4,2,0,0,3,6,4,2,6,4,6,2,2,1,5,8,6,7,1,1,2,9,6,4,1,4,5,6,3,0,5,0,4,2,2,4,2,1,2,3,1,3,7,1,3,7,9,5,8,4,4,8,4,10,5,7,8,3,3,4,0,2
SIM_CELL_0253,7,3,2,3,12,2,2,4,3,4,3,6,6,2,0,4,3,0,0,3,1,0,2,1,2,2,3,3,1,6,0,3,2,3,12,2,2,3,3,1,3,7,3,6,6,1,6,9,2,5,4,4,8,2,3,3,5,1,5,0,5,3,5,4
SIM_CELL_0254,6,1,11,3,6,0,2,5,4,3,2,5,8,1,5,5,1,3,4,2,2,2,6,5,8,10,2,2,4,3,4,3,0,2,2,2,4,1,6,5,2,3,1,3,2,1,4,6,3,4,8,1,4,7,5,5,6,9,9,2,3,3,4,1
SIM_CELL_0255,5,4,8,0,3,4,7,9,3,5,4,4,2,3,2,3,4,2,4,4,0,4,4,2,4,6,2,6,1,9,3,3,2,1,4,0,8,4,4,6,5,3,0,4,5,0,3,3,1,8,4,1,1,3,6,1,3,4,11,4,3,4,4,2
SIM_CELL_0256,6,3,8,1,8,3,5,7,12,5,1,4,10,3,6,8,2,1,1,5,2,1,1,2,4,6,5,3,4,1,3,1,3,0,6,1,4,3,2,2,8,4,6,4,7,5,13,5,1,8,5,1,2,5,3,2,5,5,3,3,4,2,1,3
SIM_CELL_0257,11,6,6,2,5,0,4,8,4,1,2,8,6,2,1,7,2,1,5,0,2,2,3,5,8,9,3,3,4,2,3,5,0,3,5,1,1,0,2,1,3,4,2,3,3,1,5,3,2,9,3,2,5,4,2,2,2,6,5,0,0,1,3,7
SIM_CELL_0258,9,4,12,2,9,0,3,8,4,3,5,5,1,1,3,3,2,3,1,2,1,3,6,4,1,5,3,3,3,3,3,9,5,2,2,2,2,4,1,1,5,2,3,4,4,2,6,6,0,8,5,0,3,7,5,3,5,4,8,2,3,5,3,2
SIM_CELL_0259,11,2,6,3,5,3,6,8,4,6,6,6,2,1,3,2,3,1,0,9,3,0,1,4,4,2,3,2,1,3,4,5,3,2,3,2,5,7,2,5,4,3,3,7,4,2,5,5,2,7,4,2,5,4,1,2,3,7,7,1,4,2,4,0
SIM_CELL_0260,5,3,3,3,4,5,7,7,5,2,5,3,2,1,5,4,0,0,3,1,2,1,4,8,4,5,1,4,2,0,4,3,2,0,4,4,3,6,2,3,2,2,1,3,4,2,4,3,2,11,7,1,7,5,4,7,9,5,6,0,2,7,3,1
SIM_CELL_0261,5,4,7,5,8,2,6,4,6,2,5,7,3,1,0,7,1,2,4,8,1,2,1,5,5,3,1,4,5,9,5,5,0,3,3,0,1,2,1,3,3,3,2,3,2,8,7,3,0,9,1,2,4,3,6,2,3,4,6,3,1,3,4,2
SIM_CELL_0262,9,4,6,5,6,1,10,8,0,6,3,2,6,5,6,3,1,2,0,1,2,3,2,4,4,5,6,1,2,3,2,2,3,2,7,2,4,3,3,5,2,0,2,3,3,2,2,4,2,7,4,2,4,5,4,3,2,3,4,1,2,2,0,3
SIM_CELL_0263,6,3,9,3,12,2,1,7,4,8,2,0,4,2,1,4,1,3,2,2,1,1,5,4,5,8,1,3,2,4,1,4,4,3,2,5,2,3,1,1,2,1,1,1,4,3,9,1,3,5,2,1,2,5,3,4,5,3,9,2,2,0,4,2
SIM_CELL_0264,8,2,6,6,5,1,15,16,5,0,3,9,3,3,3,8,3,3,2,3,2,2,2,2,7,5,3,6,2,3,5,6,1,5,5,1,2,6,4,4,2,2,2,4,5,0,5,2,5,3,3,4,2,1,5,0,5,3,10,2,3,5,5,1
SIM_CELL_0265,4,5,1,4,5,2,1,5,3,8,3,8,5,1,9,10,2,3,0,0,1,1,2,4,4,5,2,2,1,6,3,2,1,3,5,3,4,2,1,2,2,7,1,8,1,0,6,5,3,8,4,1,3,3,3,4,4,5,13,3,6,2,4,0
SIM_CELL_0266,4,3,2,0,7,3,6,10,6,6,8,11,5,3,10,7,3,1,0,2,1,3,3,5,4,5,3,5,4,1,5,2,3,3,2,2,3,3,4,0,5,2,2,5,6,3,7,5,2,10,6,4,1,5,4,0,2,2,6,2,2,8,3,4
SIM_CELL_0267,3,0,4,2,8,4,4,9,6,9,3,5,9,5,7,8,3,1,1,0,5,2,6,6,7,3,2,5,3,5,3,11,0,1,9,4,2,7,5,0,6,2,2,4,8,4,7,5,1,8,2,0,2,6,3,4,5,3,5,3,1,2,2,6
SIM_CELL_0268,3,8,2,5,0,2,4,5,6,7,4,3,8,6,6,4,0,3,0,2,3,5,4,2,4,2,3,3,3,1,1,5,2,1,4,5,8,3,2,6,5,1,1,4,4,4,4,5,1,6,4,3,7,7,5,4,4,5,2,3,5,8,1,2
SIM_CELL_0269,2,3,1,1,2,0,5,6,2,8,7,9,7,4,5,6,2,1,5,3,4,0,2,3,3,4,1,2,7,7,4,2,2,1,4,1,3,1,3,3,1,2,0,4,7,4,10,7,5,3,2,2,4,4,3,9,3,5,7,6,0,3,4,6
SIM_CELL_0270,2,3,3,2,1,4,0,6,8,5,4,8,5,1,6,9,7,4,2,4,3,0,7,3,3,3,3,3,7,7,5,3,2,3,4,3,3,4,1,4,3,1,5,4,7,0,8,2,4,5,7,1,6,3,11,6,0,2,6,4,3,2,3,3
SIM_CELL_0271,1,3,3,1,3,3,1,6,8,4,3,5,6,3,4,10,1,0,2,3,3,3,1,3,5,3,3,2,0,6,1,4,0,1,4,1,1,4,2,1,3,2,1,4,2,3,1,5,2,6,1,1,3,5,3,5,1,2,6,2,1,2,1,2
SIM_CELL_0272,1,2,1,2,2,1,3,6,6,6,3,13,1,3,5,2,2,0,2,2,3,2,5,1,7,0,2,2,2,3,4,2,0,3,10,4,4,7,3,5,2,1,2,6,2,5,6,1,3,3,6,0,2,4,2,2,5,4,8,5,1,4,4,3
SIM_CELL_0273,0,3,0,1,10,3,2,7,2,4,8,5,4,7,8,9,0,3,1,5,2,3,2,12,2,4,2,3,1,2,2,5,4,3,7,3,4,1,4,2,6,6,1,3,4,5,2,4,2,9,3,2,2,4,3,3,0,7,5,0,2,0,7,0
SIM_CELL_0274,0,10,3,7,5,6,4,3,2,4,10,7,6,2,7,11,0,2,1,2,2,4,5,3,8,4,3,2,3,3,2,2,3,1,8,2,1,5,5,2,5,3,3,5,1,3,7,5,2,11,4,7,5,1,7,4,5,5,6,2,3,5,4,1
SIM_CELL_0275,4,5,2,2,4,3,2,6,3,3,7,7,7,3,4,4,1,4,1,5,3,3,3,8,1,7,1,5,2,5,3,3,0,3,3,2,4,2,3,5,5,1,4,5,6,0,9,5,4,3,3,1,1,4,2,3,4,2,7,1,2,3,1,3
SIM_CELL_0276,3,4,4,1,3,3,2,9,1,10,6,12,7,2,1,8,0,2,3,7,1,2,4,2,4,4,0,4,1,5,3,2,3,1,10,0,4,5,4,1,4,1,0,5,4,1,9,3,2,7,5,1,5,9,3,3,4,5,6,2,3,1,5,1
SIM_CELL_0277,3,4,3,3,1,1,3,6,5,1,8,3,6,2,7,6,6,1,2,1,2,9,2,6,1,2,4,2,4,7,1,6,4,2,3,1,9,4,0,4,3,2,2,6,4,2,6,4,4,7,1,4,4,3,6,3,4,3,8,0,3,5,2,4
SIM_CELL_0278,1,4,3,3,3,1,4,2,3,3,1,5,1,4,6,5,2,4,3,10,3,4,3,6,6,6,3,4,4,2,2,6,1,1,3,1,4,5,2,2,3,3,0,3,9,2,5,2,3,5,4,1,2,8,4,6,4,5,5,2,5,6,1,1
SIM_CELL_0279,6,5,1,5,3,1,3,5,4,2,4,4,6,6,2,2,2,5,1,6,9,2,2,7,5,3,6,3,1,4,0,8,4,1,4,0,4,7,2,3,4,1,2,8,7,1,2,2,2,6,4,3,4,8,4,2,5,6,5,2,3,3,7,2
SIM_CELL_0280,4,2,2,5,2,2,4,4,2,4,4,7,3,1,2,1,4,0,1,6,0,1,5,10,4,3,1,4,5,1,4,4,1,3,6,2,3,7,4,3,4,3,2,5,3,3,3,5,0,3,6,3,6,2,5,2,4,3,8,1,7,2,2,2
SIM_CELL_0281,1,5,4,8,7,2,7,5,3,0,4,4,5,2,2,9,3,4,2,3,3,1,3,7,7,1,2,2,2,3,4,3,0,1,5,0,6,1,3,7,3,1,2,5,9,3,6,2,2,7,3,0,5,5,1,4,10,5,10,2,5,5,1,3
SIM_CELL_0282,3,1,4,2,5,2,0,6,4,4,3,3,5,1,4,6,4,7,3,3,3,1,5,6,2,5,1,3,8,6,5,3,2,0,4,5,3,4,2,3,8,0,1,4,6,3,10,5,2,8,3,1,3,7,5,3,1,2,5,1,1,4,2,3
SIM_CELL_0283,3,6,0,2,1,3,3,1,4,0,6,5,2,0,1,5,5,3,1,8,1,4,6,2,5,4,5,7,9,4,6,2,3,3,8,4,1,2,5,3,4,1,4,5,4,3,7,1,1,8,2,0,4,4,4,4,4,8,7,2,1,4,3,3
SIM_CELL_0284,1,5,2,2,4,3,3,8,4,2,3,3,6,1,0,5,2,3,1,3,6,4,1,8,3,4,2,4,4,4,1,6,3,0,6,1,2,2,1,1,3,4,0,3,3,2,6,4,5,7,2,2,3,6,2,0,2,6,3,1,7,4,2,1
SIM_CELL_0285,4,1,3,3,2,3,5,2,2,3,0,3,6,2,6,6,4,5,0,6,2,4,3,7,3,7,3,4,0,4,2,5,1,1,3,3,5,5,1,4,3,5,1,2,3,2,7,1,0,2,4,2,3,4,3,2,3,3,13,1,3,5,3,1
SIM_CELL_0286,3,5,2,2,4,2,2,2,6,1,1,7,2,1,6,5,7,3,3,4,5,1,7,6,3,5,3,4,5,6,1,7,0,3,6,2,5,8,4,2,2,1,4,2,7,0,9,4,3,6,5,0,4,5,8,7,7,6,8,4,7,3,2,4
SIM_CELL_0287,1,3,1,3,2,0,4,0,3,0,4,6,7,1,3,1,2,2,3,3,0,5,5,9,8,7,1,6,2,4,4,2,3,3,1,2,7,4,4,2,4,4,2,4,6,4,7,2,0,6,2,1,4,14,2,4,4,5,5,2,2,4,3,3
SIM_CELL_0288,2,3,5,3,4,2,4,4,1,1,5,6,3,4,2,6,4,8,1,6,4,1,4,7,6,5,2,0,1,1,1,4,2,1,6,3,1,0,2,4,4,3,4,4,6,2,4,3,2,4,3,3,3,5,7,6,2,7,9,1,6,7,4,1
SIM_CELL_0289,8,4,4,2,5,3,10,3,4,4,0,6,4,7,4,4,2,0,0,3,1,3,2,3,1,6,2,2,1,6,2,5,6,0,2,4,2,1,4,5,3,1,1,5,5,1,2,2,2,6,6,1,6,1,0,4,3,1,3,3,3,4,5,4
SIM_CELL_0290,12,4,6,3,4,1,4,11,2,4,1,5,6,4,4,8,2,4,1,4,0,4,5,1,5,5,6,1,1,10,0,7,2,1,1,1,3,8,4,3,2,5,5,3,6,0,7,5,3,5,6,2,1,3,2,2,9,2,5,8,3,0,3,1
SIM_CELL_0291,6,1,6,3,3,1,4,9,5,1,1,4,3,1,8,4,1,1,0,2,2,1,4,2,4,3,5,1,1,6,3,3,3,3,6,2,2,3,4,3,4,1,2,3,8,3,2,5,0,10,7,2,4,1,2,2,2,3,6,5,5,2,2,4
SIM_CELL_0292,7,7,14,3,2,3,6,6,6,2,4,6,6,3,8,7,2,3,2,2,0,3,4,2,4,4,2,2,2,3,2,4,0,0,5,4,4,2,3,1,5,0,5,2,4,2,5,5,3,4,6,1,3,2,1,3,8,0,9,3,6,3,4,1
SIM_CELL_0293,6,2,4,6,4,3,4,12,3,2,5,6,4,2,1,4,2,2,4,3,1,3,2,3,5,2,4,4,3,7,4,3,3,1,4,1,2,1,1,1,8,3,4,3,2,1,6,5,3,5,2,2,1,2,2,0,4,3,5,0,3,1,1,2
SIM_CELL_0294,10,6,7,2,2,1,2,9,2,3,6,4,1,4,4,3,1,2,1,3,2,4,1,2,2,7,5,4,3,5,6,7,2,1,3,4,3,6,0,1,2,4,5,4,6,3,4,2,3,3,7,2,2,4,2,4,2,4,6,5,7,3,6,1
SIM_CELL_0295,9,7,5,5,6,3,1,6,5,1,7,3,2,1,8,4,2,1,4,1,0,2,2,2,1,5,3,3,4,8,3,7,4,0,3,5,1,5,4,6,1,8,1,1,3,1,4,5,1,9,8,2,5,3,2,3,5,6,4,3,3,2,3,2
SIM_CELL_0296,7,5,14,0,7,1,4,8,6,3,7,8,4,2,4,3,4,2,2,2,0,3,0,2,8,2,3,9,1,3,3,5,2,1,1,0,3,3,2,2,0,2,3,3,5,7,9,3,3,7,6,4,6,4,1,2,7,4,3,4,2,1,1,3
SIM_CELL_0297,4,3,5,0,3,4,3,8,3,6,3,5,3,2,7,4,3,5,1,4,1,0,4,0,5,1,5,6,3,2,1,2,3,2,5,2,3,2,3,2,3,1,4,4,4,1,7,6,4,6,7,3,4,1,5,4,3,2,5,4,7,3,5,4
SIM_CELL_0298,6,4,6,3,7,4,5,8,5,1,5,4,1,5,4,4,1,3,2,1,2,2,2,4,5,3,0,2,5,6,1,2,3,0,5,3,5,6,4,2,2,4,1,3,3,2,4,4,1,11,6,0,5,4,4,4,10,8,7,2,4,4,5,3
SIM_CELL_0299,8,4,9,3,4,3,2,4,1,3,4,5,4,2,4,4,1,1,0,2,2,5,1,3,3,4,3,4,5,8,2,5,3,1,7,2,4,4,1,4,3,5,2,2,4,2,4,9,2,5,8,2,4,1,2,3,6,6,8,4,6,2,3,2
SIM_CELL_0300,10,4,6,2,2,2,6,13,3,0,3,4,2,5,4,2,4,2,1,0,6,3,2,7,4,2,6,1,7,6,1,5,3,2,5,1,2,7,5,5,3,2,0,4,6,2,4,0,5,8,10,2,7,6,1,1,0,0,11,3,6,0,2,3
SIM_CELL_0301,4,3,5,1,4,1,0,11,2,8,5,3,2,3,4,5,2,1,0,2,2,3,2,1,5,7,1,4,2,1,3,3,2,3,7,2,0,5,9,3,1,1,1,2,3,8,5,5,2,4,5,3,6,2,2,2,5,7,5,3,8,0,1,5
SIM_CELL_0302,2,1,1,6,1,1,2,6,2,2,3,2,1,3,5,10,0,2,0,0,1,2,4,1,7,2,6,5,4,9,0,5,1,0,2,1,1,4,2,0,5,1,0,4,4,1,2,1,2,4,4,3,5,2,1,3,6,5,2,2,2,3,1,3
SIM_CELL_0303,2,6,1,2,0,4,1,8,4,5,6,7,8,5,7,2,3,4,1,4,2,2,0,5,3,3,6,2,1,6,1,1,1,1,2,0,4,6,4,0,2,3,2,4,3,1,4,1,4,5,2,2,5,2,2,3,2,6,6,2,3,2,2,2
SIM_CELL_0304,1,3,5,4,2,2,2,9,6,5,3,7,4,3,5,6,4,3,1,2,2,2,0,3,3,3,4,1,0,2,2,2,0,4,2,1,1,5,1,0,3,1,0,3,5,2,5,2,6,6,3,0,7,4,4,3,7,2,4,1,4,2,0,3
SIM_CELL_0305,2,3,4,3,1,3,4,3,4,9,5,4,2,3,6,9,0,1,2,0,2,5,7,4,4,5,6,3,3,5,4,6,4,2,3,1,4,4,3,6,3,7,3,2,8,5,4,2,2,6,12,4,4,5,4,2,4,4,2,3,8,2,2,1
SIM_CELL_0306,3,2,2,4,1,0,1,5,8,6,3,4,1,0,7,3,2,1,1,1,3,3,2,0,3,4,2,7,4,5,0,4,0,2,4,3,2,2,3,5,4,3,0,4,3,6,6,4,4,9,3,1,4,5,1,5,4,5,2,1,2,0,2,1
SIM_CELL_0307,2,4,4,4,3,3,1,5,5,6,4,2,10,2,8,9,1,1,4,0,4,0,6,1,3,6,2,4,3,9,6,3,1,3,5,1,3,4,5,1,1,1,4,5,5,3,7,5,0,4,5,1,3,2,1,3,6,1,6,1,3,0,5,1
SIM_CELL_0308,3,5,3,1,1,1,3,11,5,6,4,4,4,3,8,7,0,2,1,2,1,2,1,2,7,3,1,1,3,7,2,6,1,4,0,3,2,1,2,1,3,2,0,6,3,1,0,4,1,6,5,1,4,4,1,2,4,7,2,4,3,0,2,0
SIM_CELL_0309,0,6,3,7,0,1,5,8,3,1,3,4,3,8,3,4,1,0,1,1,1,0,1,2,6,6,2,2,4,8,2,8,2,6,3,3,5,0,1,1,2,9,2,6,6,3,4,2,1,7,4,2,2,2,2,5,6,3,1,0,2,5,2,0
SIM_CELL_0310,3,6,1,2,5,3,0,2,6,7,5,12,4,1,7,6,2,6,2,1,2,2,4,3,3,5,3,4,5,13,2,3,1,2,7,0,2,3,2,4,2,2,0,4,2,7,6,8,3,6,7,4,7,2,2,2,3,5,4,4,3,1,3,2
SIM_CELL_0311,6,8,2,0,1,3,4,6,3,9,5,2,7,5,13,11,2,5,3,1,2,2,3,1,6,2,2,3,6,13,3,5,1,1,3,2,0,2,5,4,4,2,4,3,6,1,4,2,1,5,7,2,1,3,1,3,2,3,8,1,2,1,4,2
SIM_CELL_0312,3,5,1,2,1,3,0,5,2,1,6,8,5,7,9,6,3,4,0,1,4,1,4,4,6,9,4,1,1,11,0,7,2,4,4,4,4,4,6,3,2,3,0,1,7,3,2,1,4,8,4,2,2,4,1,2,10,3,2,3,2,2,3,2
SIM_CELL_0313,4,5,2,3,2,1,4,7,4,2,1,4,1,6,4,4,3,8,2,0,5,2,3,3,4,2,0,3,6,3,2,7,0,3,4,2,1,2,8,6,4,1,3,3,7,5,8,3,5,1,5,1,10,3,2,3,5,2,4,5,2,1,5,2
SIM_CELL_0314,5,3,3,4,5,0,1,5,4,0,1,2,2,1,3,7,5,6,2,4,2,6,3,4,1,3,6,0,1,8,2,7,3,1,2,3,5,3,2,2,1,3,1,3,7,3,10,2,2,8,6,0,3,4,0,2,2,4,6,3,4,1,1,5
SIM_CELL_0315,1,0,6,6,0,1,2,4,6,3,1,3,3,2,10,3,6,2,5,2,6,1,6,6,3,4,4,7,2,6,3,3,4,3,3,2,5,5,2,4,2,2,1,0,4,2,7,5,3,8,7,3,8,4,5,4,8,6,5,2,3,3,2,4
SIM_CELL_0316,3,3,2,6,5,0,4,6,5,3,2,5,8,1,10,8,5,1,1,2,1,1,5,4,4,1,5,4,11,11,0,4,2,4,4,3,3,5,0,3,3,1,4,4,4,4,4,4,1,6,6,0,2,8,2,0,10,4,4,2,6,2,2,2
SIM_CELL_0317,6,3,4,3,1,3,1,0,3,1,6,3,6,1,2,4,3,3,2,2,3,4,2,10,4,8,4,4,3,3,0,2,6,3,3,3,4,0,8,3,2,3,4,3,2,2,8,5,2,7,5,8,2,5,4,2,5,4,4,2,4,0,0,2
SIM_CELL_0318,3,1,0,2,1,0,4,1,5,3,2,7,5,5,9,6,2,6,2,3,1,9,6,6,4,7,1,2,4,3,4,3,1,2,2,3,2,7,0,1,2,2,6,2,9,1,5,3,3,11,10,1,4,3,1,2,11,3,5,2,6,1,3,1
SIM_CELL_0319,3,1,5,2,1,1,3,1,5,0,2,1,7,2,2,4,2,0,3,1,4,2,2,3,2,8,1,1,5,4,1,2,5,5,6,3,1,9,2,4,2,1,2,7,7,3,1,2,7,9,4,2,4,2,1,4,6,3,2,4,5,5,3,5
SIM_CELL_0320,1,6,8,3,3,0,5,2,6,3,3,5,4,3,5,3,4,3,2,2,1,3,2,5,2,2,1,6,1,7,0,2,2,2,2,1,0,3,2,1,1,4,4,1,6,1,6,1,3,4,11,1,8,5,1,3,11,5,7,3,2,2,4,2
SIM_CELL_0321,0,1,4,0,1,5,2,3,6,1,2,4,5,1,4,5,2,4,1,4,3,4,4,10,6,3,2,3,5,7,3,3,2,3,3,3,1,5,2,1,3,4,2,1,6,2,4,4,3,6,12,4,5,2,0,2,9,3,4,5,6,7,3,3
SIM_CELL_0322,3,4,5,2,2,1,2,7,3,2,4,4,3,3,6,2,2,2,2,2,3,2,2,2,5,1,2,5,4,8,2,1,5,6,1,1,1,4,3,8,1,3,6,1,4,3,5,6,2,5,3,3,0,0,5,6,4,3,0,3,7,4,2,2
SIM_CELL_0323,1,4,6,6,2,1,1,7,5,3,2,2,3,1,9,3,2,1,0,2,3,6,6,2,3,3,4,5,3,2,2,2,3,4,2,4,2,2,5,2,1,7,4,4,3,4,4,4,4,8,7,1,6,3,1,2,8,2,4,0,4,4,0,3
SIM_CELL_0324,3,6,4,2,2,1,1,3,7,2,4,5,2,4,5,12,3,2,1,0,2,3,4,0,6,3,1,1,3,12,4,8,4,2,2,5,1,6,1,3,2,1,2,3,4,3,10,5,4,6,9,1,7,4,1,6,12,5,9,4,2,1,4,2
SIM_CELL_0325,0,5,9,4,7,4,6,10,2,3,5,2,2,3,2,1,3,2,0,3,1,5,4,4,5,3,1,5,5,4,4,0,3,1,7,0,1,3,2,2,3,5,1,3,13,1,10,1,2,5,1,1,6,4,3,5,2,5,8,1,5,2,1,1
SIM_CELL_0326,12,3,8,2,4,2,7,8,0,3,5,1,8,3,1,2,4,4,0,0,1,2,1,3,5,4,4,3,4,3,2,2,2,1,2,2,5,7,0,2,0,5,3,6,6,2,5,2,4,1,5,1,2,6,4,6,2,5,9,3,1,3,3,4
SIM_CELL_0327,9,3,7,1,4,7,11,4,4,2,5,10,4,6,3,6,3,1,2,2,1,5,0,7,7,3,0,2,4,6,4,3,1,1,3,2,2,4,2,4,7,1,4,6,7,1,4,4,0,6,5,5,4,7,3,4,1,0,4,2,2,2,0,1
SIM_CELL_0328,7,2,7,4,1,2,11,12,1,3,2,0,3,2,2,1,3,2,2,3,1,3,1,2,7,5,3,5,2,5,4,2,3,2,1,6,2,4,1,1,5,6,3,6,9,0,10,3,5,8,3,5,6,9,2,1,3,0,3,5,1,3,4,2
SIM_CELL_0329,3,4,11,4,7,3,9,7,3,5,1,5,2,5,7,2,1,5,1,4,0,5,0,3,6,3,1,1,7,2,2,5,3,3,1,1,3,5,4,0,2,3,5,11,7,4,2,3,3,5,4,0,12,4,4,4,3,4,6,0,5,1,4,8
SIM_CELL_0330,7,3,11,4,7,4,4,6,3,4,9,6,3,5,5,5,0,2,0,5,3,1,1,4,9,2,1,3,4,3,1,3,2,0,2,7,2,8,3,3,5,4,2,4,4,4,5,0,4,2,4,2,4,7,5,4,3,6,5,0,1,2,3,1
SIM_CELL_0331,5,4,5,1,4,4,4,8,5,0,5,2,6,4,9,1,1,1,3,3,0,2,1,3,10,5,1,1,7,4,2,5,3,2,2,6,3,3,2,2,8,4,4,6,4,2,5,2,4,8,3,4,1,5,3,3,4,2,5,1,7,2,3,2
SIM_CELL_0332,1,1,9,3,5,2,6,9,1,2,4,2,3,2,6,1,6,5,2,3,0,3,1,0,5,1,2,4,5,1,1,6,4,3,5,1,4,4,0,2,1,3,8,3,4,1,3,5,5,6,3,1,3,6,3,5,5,7,4,1,5,5,7,2
SIM_CELL_0333,6,6,10,3,4,2,7,7,1,2,7,4,3,2,6,5,1,4,2,3,2,5,2,3,5,4,1,2,5,3,3,1,1,2,1,3,1,1,1,4,3,1,0,1,4,1,4,5,2,6,4,4,3,3,4,2,7,4,4,5,2,5,3,1
SIM_CELL_0334,6,5,12,3,4,4,4,7,1,4,5,4,3,2,6,8,0,3,3,5,0,7,5,4,7,5,3,2,3,4,4,7,4,5,0,3,2,4,1,4,2,3,6,8,8,2,8,1,4,3,7,2,3,5,5,3,3,3,2,2,7,6,4,3
SIM_CELL_0335,3,1,3,4,6,3,6,9,3,1,1,2,4,2,2,4,0,3,3,5,1,1,0,2,5,3,3,2,2,6,2,3,1,2,0,4,0,4,3,3,0,4,2,3,2,2,7,1,4,2,2,2,3,5,3,3,6,3,6,1,5,2,7,4
SIM_CELL_0336,7,2,10,3,4,3,11,6,2,3,4,1,3,2,4,1,1,9,1,1,2,1,2,3,8,4,2,5,7,7,5,6,3,0,2,5,2,6,1,2,3,6,3,6,2,5,8,2,3,1,2,3,5,9,5,3,2,3,11,2,5,4,2,1
SIM_CELL_0337,4,7,3,2,1,2,1,9,3,5,12,8,9,3,3,9,0,5,0,1,2,3,6,3,9,4,4,5,1,0,5,1,3,2,5,3,5,2,1,4,4,5,2,2,3,3,11,2,4,5,1,1,4,4,4,5,2,3,4,6,4,6,0,0
SIM_CELL_0338,1,3,2,1,1,1,3,8,2,1,8,5,3,7,2,8,3,2,0,2,6,3,5,1,7,4,6,3,4,2,4,5,2,1,3,6,4,5,3,1,3,4,3,3,5,1,6,3,3,10,4,2,5,3,2,5,4,6,6,3,3,1,4,2
SIM_CELL_0339,3,1,6,4,3,1,3,5,4,5,6,6,2,2,5,7,2,1,1,4,2,8,0,2,6,5,3,2,10,2,0,5,1,2,2,3,1,4,0,1,2,6,3,2,9,5,10,4,7,7,6,2,2,5,2,5,2,2,6,3,1,1,2,3
SIM_CELL_0340,4,0,2,1,3,1,0,6,4,3,4,10,7,3,7,5,0,7,2,4,0,2,2,5,6,3,4,4,1,3,5,4,4,1,1,6,5,5,1,4,6,3,1,4,5,2,4,2,5,7,2,1,4,5,3,4,2,1,4,2,8,1,1,0
SIM_CELL_0341,3,5,2,0,2,4,3,11,2,6,9,5,5,2,3,11,1,3,3,3,1,3,0,0,13,7,3,0,2,2,1,1,2,3,5,1,4,3,1,5,2,4,4,4,5,0,5,6,6,2,4,1,6,7,2,6,4,3,4,3,1,2,8,2
SIM_CELL_0342,3,4,5,4,2,2,3,3,2,3,8,10,4,2,4,7,1,4,3,1,1,3,2,1,9,5,3,4,5,2,4,5,1,3,1,1,2,6,2,4,7,7,1,3,6,4,3,2,4,5,1,1,3,1,3,6,1,5,12,1,3,1,2,5
SIM_CELL_0343,1,2,4,1,6,2,7,3,2,8,5,8,4,8,6,5,0,4,2,5,2,1,1,2,9,5,1,6,7,6,1,3,1,1,5,5,5,5,4,3,4,2,1,1,7,3,9,5,2,7,2,0,4,3,5,12,8,2,4,2,2,5,4,2
SIM_CELL_0344,3,3,3,5,4,4,3,4,5,3,8,6,4,1,6,11,0,7,5,0,2,2,5,7,10,2,1,2,4,3,3,4,4,1,3,3,1,4,1,3,4,2,7,4,4,3,5,6,6,2,5,2,4,5,3,3,3,2,2,3,5,1,6,2
SIM_CELL_0345,0,3,8,1,3,2,2,9,5,3,5,4,12,2,5,6,1,2,5,2,3,3,1,3,5,2,3,3,4,3,7,2,1,2,7,5,1,4,2,1,6,4,7,4,5,3,6,2,3,4,2,0,1,2,4,2,4,4,5,2,3,4,1,3
SIM_CELL_0346,2,1,1,2,0,3,1,9,4,5,11,3,3,4,2,4,0,3,3,7,1,3,1,0,0,4,4,3,6,4,4,3,1,2,3,0,3,3,3,3,2,3,2,6,4,4,7,3,4,5,3,1,3,3,2,8,8,2,6,3,2,2,6,4
SIM_CELL_0347,1,2,7,2,1,3,4,5,3,6,7,7,6,2,9,2,1,3,1,1,0,2,2,7,4,3,1,1,1,6,4,3,1,1,6,3,2,6,1,2,3,4,4,0,7,2,7,2,0,6,4,2,2,2,2,3,5,0,2,0,2,8,1,1
SIM_CELL_0348,3,3,2,2,4,4,2,7,2,2,4,5,6,5,6,4,0,6,2,3,4,3,2,3,9,3,1,5,5,5,1,1,1,1,2,4,1,6,0,2,2,3,3,7,4,6,10,4,3,10,3,0,3,4,5,4,2,0,8,3,8,3,3,1
SIM_CELL_0349,4,1,5,3,4,4,8,4,1,1,7,8,6,2,6,7,4,7,3,7,3,5,3,5,1,2,4,1,9,3,1,3,2,1,6,5,2,5,1,2,3,3,4,4,1,3,4,2,5,4,10,3,8,4,3,5,1,5,3,4,1,5,1,2
SIM_CELL_0350,10,4,2,4,2,3,2,8,2,1,4,8,6,2,4,2,4,9,5,4,2,4,4,5,2,5,2,2,2,3,2,3,3,2,2,1,2,1,2,1,2,4,2,1,5,2,4,1,3,9,4,2,6,8,2,4,5,5,4,3,2,4,1,0
SIM_CELL_0351,2,0,3,1,1,2,3,3,2,7,1,6,6,0,5,0,1,2,4,10,0,3,4,2,10,5,2,3,3,3,0,4,2,1,4,2,2,3,1,2,2,3,0,7,7,4,3,2,6,3,6,7,6,7,7,7,5,2,5,3,7,3,8,1
SIM_CELL_0352,6,4,6,2,0,1,3,7,6,0,4,4,3,6,5,4,3,3,3,4,4,6,7,5,6,1,1,0,2,6,2,3,2,1,7,4,7,5,1,2,4,5,3,4,8,1,6,5,6,2,2,6,8,5,2,1,2,2,6,8,5,3,5,1
SIM_CELL_0353,1,2,2,2,1,3,3,7,3,4,5,3,2,4,7,5,5,3,0,2,0,3,4,3,2,3,2,5,4,7,0,1,4,5,5,3,2,2,3,4,2,2,2,5,4,0,5,3,2,8,3,1,10,4,5,3,3,1,2,7,5,6,5,1
SIM_CELL_0354,2,3,5,1,0,2,2,6,4,5,4,6,6,4,4,6,4,2,3,7,0,5,3,7,12,6,2,2,6,5,2,4,4,1,6,4,3,3,1,3,3,4,3,3,2,2,4,2,4,7,4,1,1,5,3,2,3,2,5,6,3,5,1,0
SIM_CELL_0355,2,3,8,1,3,4,4,4,2,2,3,5,3,3,7,5,4,3,3,3,1,3,8,11,5,2,4,2,5,7,5,2,1,3,1,3,4,6,1,4,1,2,3,4,3,2,7,5,3,11,4,1,3,2,7,5,4,2,1,4,3,4,2,1
SIM_CELL_0356,4,2,10,0,2,1,4,2,2,4,11,2,7,4,6,6,1,5,4,3,2,4,3,2,6,2,1,4,6,6,5,4,5,3,4,3,2,5,2,6,3,1,4,4,7,3,2,3,8,14,4,3,8,4,5,4,1,4,8,1,5,1,4,0
SIM_CELL_0357,2,3,6,2,4,2,1,6,0,3,1,7,5,2,3,4,3,5,1,4,1,3,5,3,6,6,2,3,1,9,0,1,2,0,3,2,2,4,1,7,2,8,4,2,5,1,7,2,3,5,3,0,5,3,2,4,4,4,7,2,4,5,1,3
SIM_CELL_0358,1,2,6,2,2,1,6,7,5,1,6,5,3,1,4,2,3,8,0,7,1,4,8,4,7,4,1,5,5,7,2,3,0,2,4,4,3,3,2,2,0,5,1,1,3,1,9,2,5,8,4,3,4,7,3,7,4,1,5,2,1,2,1,0
SIM_CELL_0359,3,3,7,0,2,1,3,9,1,2,4,4,7,2,3,8,4,2,4,6,3,1,5,2,7,2,0,2,1,2,2,4,2,2,2,1,3,4,3,3,5,4,0,3,6,2,5,4,3,4,9,4,2,5,5,5,5,4,3,2,3,4,2,7
SIM_CELL_0360,1,3,2,1,0,5,2,5,2,2,3,5,1,1,4,3,1,5,8,2,4,1,9,7,2,3,4,5,1,8,5,7,3,5,2,6,2,3,0,1,2,1,4,1,4,3,10,1,1,2,4,2,2,5,0,3,5,4,5,2,1,1,5,2
SIM_CELL_0361,9,2,4,3,8,1,10,9,4,4,4,7,1,5,3,5,2,3,0,1,0,0,2,2,0,2,3,5,2,3,5,2,2,3,5,2,0,5,2,3,11,4,1,2,5,1,2,0,0,5,5,4,6,2,2,3,4,2,7,3,1,1,2,6
SIM_CELL_0362,6,0,5,1,15,5,7,11,4,4,2,3,5,4,6,1,2,3,1,0,1,5,1,2,3,0,0,2,2,2,2,6,0,4,5,4,1,4,1,0,3,5,1,3,4,1,2,0,0,5,2,5,3,7,5,5,5,4,7,3,1,2,6,3
SIM_CELL_0363,10,3,10,4,8,4,9,14,2,3,0,1,5,2,3,3,2,0,1,4,0,2,1,7,1,0,1,1,2,5,1,4,1,2,2,2,4,6,4,2,5,6,2,3,5,2,4,1,0,3,3,4,1,1,2,3,4,6,5,7,3,4,2,4
SIM_CELL_0364,15,5,7,2,6,4,4,6,4,4,3,0,7,4,5,7,0,3,1,3,1,2,0,1,4,2,1,3,5,3,4,3,3,7,4,5,2,3,2,0,5,3,4,6,6,0,2,7,4,5,4,1,6,2,5,9,4,6,4,2,2,0,5,4
SIM_CELL_0365,11,3,5,4,12,4,3,6,1,2,4,2,2,1,2,2,3,5,2,0,3,3,3,2,2,4,2,1,5,3,4,6,1,3,4,6,4,5,1,4,1,4,3,4,8,2,3,4,1,7,3,2,4,2,4,2,5,2,6,3,0,3,5,4
SIM_CELL_0366,14,7,7,1,16,3,5,8,6,3,1,5,5,4,2,1,1,2,1,1,1,6,1,4,3,1,1,1,3,6,5,6,1,3,3,2,1,8,1,2,1,5,3,0,5,2,4,1,3,7,2,5,2,1,3,3,2,6,8,9,4,1,5,3
SIM_CELL_0367,9,3,5,1,13,1,5,7,2,3,0,1,6,1,5,4,2,4,1,1,3,7,1,3,4,2,1,1,1,0,4,5,2,5,1,1,4,3,4,2,4,2,1,5,2,3,6,1,5,3,6,4,3,3,7,4,4,5,2,1,2,3,7,2
SIM_CELL_0368,8,7,7,6,9,0,6,12,2,3,0,0,0,3,6,2,1,3,5,1,2,3,2,2,3,4,3,5,2,4,1,2,0,3,4,2,3,6,0,3,6,4,3,6,3,4,4,4,5,1,4,1,12,4,2,9,5,2,6,3,3,4,5,3
SIM_CELL_0369,14,5,6,1,7,3,6,6,5,3,2,0,4,3,6,4,2,2,0,1,1,6,5,2,7,1,3,1,2,3,5,0,0,2,3,0,2,3,3,2,1,2,2,3,9,1,3,3,2,3,3,5,1,3,2,4,2,3,8,4,3,2,7,6
SIM_CELL_0370,15,6,0,5,5,4,6,10,5,2,3,6,3,3,5,5,0,3,2,5,1,4,1,3,3,3,2,3,5,8,6,4,1,2,3,3,9,2,2,2,4,5,0,4,3,0,5,2,1,6,6,1,4,7,2,5,2,2,3,4,4,3,6,2
SIM_CELL_0371,9,4,8,4,6,6,4,5,0,6,0,1,2,1,0,7,2,3,1,3,2,2,4,6,5,2,3,6,5,3,3,5,1,4,4,3,1,4,5,1,6,4,2,1,1,0,5,5,3,1,5,4,5,6,4,2,3,7,5,3,2,2,6,3
SIM_CELL_0372,11,2,13,3,7,1,2,5,1,2,3,2,3,4,1,3,3,3,2,1,2,9,1,2,3,5,1,7,6,5,5,4,2,3,1,1,3,3,1,3,4,11,4,5,4,1,2,2,3,5,4,3,3,2,5,4,3,2,5,4,6,1,0,4
SIM_CELL_0373,6,5,5,3,2,2,1,10,5,8,5,10,10,6,2,2,4,6,1,1,0,3,1,2,8,2,1,4,8,2,3,2,4,1,1,2,2,4,0,2,4,1,3,6,7,0,8,1,2,6,5,0,3,2,1,3,2,7,2,5,4,3,3,0
SIM_CELL_0374,8,1,3,1,4,1,2,3,4,3,1,2,5,3,6,4,5,5,2,1,1,5,3,2,2,3,1,4,2,3,1,8,2,4,5,4,4,3,1,5,5,5,1,6,5,2,3,3,2,6,5,3,4,5,2,3,1,5,6,6,4,4,9,4
SIM_CELL_0375,3,2,5,1,6,2,4,4,3,3,2,3,4,5,6,6,1,1,2,0,2,2,1,3,3,1,1,6,3,7,6,7,0,1,2,4,4,2,2,4,0,1,0,5,4,0,5,0,2,10,3,3,6,1,1,9,3,5,10,3,3,1,0,4
SIM_CELL_0376,6,5,4,7,6,0,0,2,4,3,2,5,7,7,8,9,1,4,0,1,2,4,0,1,6,0,2,5,2,8,0,1,1,3,7,4,3,3,0,2,4,5,2,3,2,1,4,5,3,5,6,3,6,2,4,5,4,2,8,7,1,0,5,2
SIM_CELL_0377,8,7,0,1,4,1,1,8,3,3,4,7,9,3,3,10,1,5,0,1,3,5,2,2,3,7,1,4,7,9,1,6,1,1,6,2,2,3,2,3,4,0,1,3,6,2,7,1,2,7,4,3,2,1,1,3,5,3,4,5,7,1,7,1
SIM_CELL_0378,2,3,2,1,2,1,4,6,2,3,2,4,7,4,6,5,1,5,3,3,2,6,2,4,4,2,1,3,4,3,3,4,3,5,3,1,1,4,2,1,2,1,1,2,5,3,3,1,2,6,5,4,6,3,2,4,2,6,3,4,8,1,5,2
SIM_CELL_0379,6,3,4,2,0,3,1,10,5,7,6,4,3,9,11,9,2,0,3,2,2,6,2,6,1,3,2,4,2,1,5,4,3,2,6,3,2,2,1,2,3,3,0,3,5,1,5,2,3,10,6,4,1,5,3,2,5,5,2,3,1,1,3,5
SIM_CELL_0380,1,6,1,3,9,1,2,9,0,7,2,10,5,9,7,4,1,2,3,3,1,1,0,2,5,2,1,2,2,7,3,6,0,3,5,2,1,2,4,2,4,3,2,1,5,2,4,3,5,6,5,1,2,5,4,7,2,8,2,7,3,3,6,5
SIM_CELL_0381,4,4,1,7,8,3,10,9,3,6,5,4,4,4,7,3,3,1,1,1,4,1,4,2,5,4,2,2,4,7,3,9,0,4,1,3,2,3,1,7,3,8,1,4,4,3,1,1,1,5,5,8,5,3,5,5,5,5,10,2,5,1,6,3
SIM_CELL_0382,2,3,2,2,3,1,2,8,2,8,2,4,4,3,6,5,0,0,3,0,1,4,0,4,4,4,4,4,1,4,4,7,2,2,4,1,5,3,3,0,4,7,2,2,1,1,4,2,1,6,7,6,3,3,3,6,5,7,3,7,3,3,4,4
SIM_CELL_0383,3,2,2,1,5,1,4,9,4,5,2,12,3,7,6,9,5,4,1,1,2,5,3,4,5,5,1,5,6,6,5,6,1,5,6,0,2,7,2,3,3,2,1,5,4,1,1,2,2,4,2,1,4,4,5,6,3,5,6,3,3,0,5,1
SIM_CELL_0384,6,4,4,3,4,2,1,7,2,8,4,6,5,6,11,3,2,3,4,1,2,3,3,0,4,7,0,3,4,6,4,1,2,2,8,2,2,4,0,3,5,4,1,3,3,4,4,3,2,5,8,0,3,8,8,3,4,6,3,4,5,1,8,4
SIM_CELL_0385,5,1,4,4,7,2,6,2,4,3,3,3,7,1,3,4,4,3,2,0,2,6,2,5,4,4,0,3,1,7,3,5,2,3,6,2,1,3,2,2,4,4,2,5,3,4,6,4,3,6,9,1,5,3,3,2,9,3,8,2,8,3,3,4
SIM_CELL_0386,5,4,5,0,4,2,6,6,4,5,1,3,8,1,1,4,2,7,4,0,3,9,1,4,2,2,0,3,5,4,1,8,2,5,3,5,3,2,0,4,4,2,3,5,5,0,4,5,3,6,9,5,3,4,1,3,3,2,1,4,7,1,4,3
SIM_CELL_0387,0,4,1,4,5,0,5,4,3,3,0,2,2,1,5,4,1,1,2,1,3,15,1,6,2,5,2,3,2,6,4,3,1,1,3,2,3,5,0,1,2,7,3,3,2,1,3,4,1,7,6,3,3,4,3,6,1,3,7,2,4,0,4,4
SIM_CELL_0388,4,6,5,1,5,1,3,8,4,5,3,4,5,2,4,7,1,3,1,4,1,6,2,4,3,7,2,4,3,10,2,11,2,5,4,1,2,4,3,1,2,1,2,2,5,3,3,1,1,4,5,5,7,5,4,2,5,2,3,7,7,2,9,5
SIM_CELL_0389,7,2,5,1,4,3,5,4,1,1,0,3,2,2,4,4,5,2,4,3,2,7,1,0,5,3,2,6,5,2,6,4,1,2,3,5,2,7,1,1,1,4,3,1,3,2,2,5,4,4,2,6,0,4,2,4,7,3,8,5,7,3,10,5
SIM_CELL_0390,1,4,3,2,7,3,4,2,3,1,2,6,8,1,1,2,4,6,3,3,1,9,2,5,4,1,2,4,2,8,2,6,2,4,7,2,2,3,3,3,4,4,1,4,1,3,2,3,3,6,1,0,6,0,1,2,3,9,4,6,4,3,3,1
SIM_CELL_0391,5,5,2,5,2,0,3,6,2,1,2,3,4,1,6,4,3,3,2,6,2,6,0,3,1,1,2,3,3,6,4,4,2,0,6,2,5,4,1,2,6,3,2,6,7,2,2,2,3,5,6,3,4,3,2,7,3,3,5,4,7,3,7,0
SIM_CELL_0392,2,1,2,2,3,2,6,7,2,3,1,1,1,1,5,4,3,4,2,1,5,13,3,4,7,2,2,6,3,5,5,4,3,3,2,3,2,4,0,3,7,4,1,4,5,3,3,9,1,7,4,3,1,6,1,5,3,5,4,0,4,2,10,2
SIM_CELL_0393,5,1,6,7,5,5,2,2,1,3,1,6,4,1,1,2,2,2,6,2,1,6,6,2,4,5,0,4,3,3,4,2,1,2,3,3,5,7,0,1,2,4,1,5,7,2,1,5,1,7,5,3,4,5,4,8,4,6,2,5,7,0,4,2
SIM_CELL_0394,6,1,1,2,4,2,6,5,4,3,3,0,3,4,5,4,4,4,1,4,3,6,3,4,7,1,3,4,4,6,6,3,2,2,4,2,5,0,4,2,4,4,3,3,5,2,2,1,4,3,6,3,4,5,2,1,2,3,7,4,4,2,5,2
SIM_CELL_0395,5,4,6,6,5,3,0,1,3,6,2,2,3,3,5,3,2,3,0,3,2,5,1,3,6,1,1,1,5,8,2,4,0,5,7,1,3,3,2,3,4,5,3,1,8,2,4,0,6,2,4,0,3,4,7,6,5,5,5,4,3,2,4,3
SIM_CELL_0396,3,4,0,3,8,1,3,4,4,1,3,1,6,1,2,3,6,1,6,2,3,7,3,4,7,3,0,7,5,5,3,3,0,3,1,0,2,3,1,3,2,6,0,2,2,0,3,1,2,3,3,0,2,6,2,8,2,3,6,3,3,0,8,6
SIM_CELL_0397,7,1,1,5,8,3,4,12,4,8,7,7,6,4,1,5,5,4,1,2,0,7,2,4,7,5,3,4,3,5,2,4,0,1,2,2,5,0,3,3,4,5,1,6,8,4,7,2,3,6,5,2,3,1,3,4,4,4,7,2,4,2,3,0
SIM_CELL_0398,4,2,5,3,4,3,5,9,2,1,3,4,4,2,1,3,6,5,1,3,1,2,4,3,4,9,2,5,4,4,2,6,2,2,5,1,1,2,2,6,7,8,4,0,6,1,2,4,3,2,6,3,8,0,3,3,8,3,7,2,4,3,2,0
SIM_CELL_0399,3,4,3,6,5,1,1,11,3,2,3,0,1,2,4,4,2,3,1,6,3,2,5,3,13,8,2,0,3,10,0,2,2,2,5,2,3,6,6,1,3,4,5,2,5,3,6,8,1,3,7,2,4,6,5,3,2,6,13,0,7,0,4,2
SIM_CELL_0400,14,1,3,3,9,4,9,6,2,5,7,4,7,2,2,5,3,7,2,2,2,4,3,6,7,5,3,7,2,4,2,5,2,1,3,1,8,5,3,9,1,1,5,5,4,0,6,9,2,4,2,1,7,5,8,1,9,3,8,1,3,2,1,3
SIM_CELL_0401,7,3,5,6,9,2,5,5,2,3,0,6,3,1,4,5,4,1,1,3,2,3,4,5,7,5,0,3,5,5,0,4,3,1,5,1,4,3,5,4,5,2,2,6,5,4,2,2,2,7,6,3,8,3,5,2,3,6,8,4,2,4,5,1
SIM_CELL_0402,6,4,2,1,7,2,7,3,3,3,3,8,5,2,1,7,1,2,2,2,0,5,4,6,11,1,2,3,2,6,4,2,4,2,6,1,4,3,3,4,5,4,2,6,4,2,4,4,3,3,4,3,6,3,5,6,5,4,5,4,3,3,2,4
SIM_CELL_0403,5,2,3,5,2,2,3,8,0,5,5,2,2,3,3,3,3,3,2,0,1,2,1,4,5,3,3,3,2,1,0,2,1,2,7,2,4,4,2,4,2,3,2,4,7,3,4,3,3,7,9,1,4,3,4,8,3,1,4,3,6,3,3,2
SIM_CELL_0404,2,3,4,4,8,1,7,8,1,4,7,4,0,4,2,2,2,3,2,6,1,3,1,4,4,4,2,2,5,3,3,4,1,3,8,1,6,4,2,4,4,1,1,2,8,5,2,2,4,5,5,2,3,2,6,5,7,4,6,4,5,2,2,1
SIM_CELL_0405,7,4,4,4,3,2,1,8,4,9,4,3,4,3,2,2,2,5,3,0,2,3,2,5,5,7,4,3,2,6,1,4,2,0,2,2,5,4,1,8,2,1,3,2,8,3,7,2,2,1,5,3,6,4,5,3,5,4,7,2,1,2,1,0
SIM_CELL_0406,6,6,2,5,4,2,4,9,1,5,7,0,2,2,1,5,1,4,3,1,3,1,4,6,7,3,1,2,3,5,0,2,2,1,3,2,2,3,4,3,8,2,1,5,6,3,4,2,2,11,2,1,4,1,5,4,2,2,8,4,4,3,5,4
SIM_CELL_0407,8,4,7,3,8,2,6,8,2,2,9,9,1,4,6,5,0,1,1,3,2,1,4,1,5,1,0,2,4,5,5,2,1,1,2,3,3,8,3,2,5,2,2,8,3,4,4,1,3,10,5,3,5,5,5,4,5,1,6,3,1,0,5,3
SIM_CELL_0408,7,5,7,3,8,1,4,6,1,4,1,3,6,3,6,4,2,2,2,5,2,5,2,4,9,5,3,2,4,3,4,3,1,1,5,1,3,1,3,2,7,0,2,3,5,2,3,2,1,4,3,2,6,5,2,3,5,4,7,4,4,2,4,2
SIM_CELL_0409,2,3,3,2,1,2,1,7,2,2,2,4,4,6,5,14,1,2,2,0,2,2,1,2,5,7,5,4,4,4,3,4,1,2,14,3,3,3,3,6,5,2,1,4,1,6,4,4,1,4,8,3,4,6,5,6,5,2,6,1,2,1,2,1
SIM_CELL_0410,0,7,1,3,3,2,1,5,6,6,4,8,6,1,0,8,2,2,3,2,0,2,3,8,7,4,1,1,5,5,5,0,3,1,2,1,3,3,4,2,6,3,3,8,13,1,5,2,8,10,6,4,10,7,4,4,5,7,8,3,4,3,6,4
SIM_CELL_0411,2,2,0,5,0,3,5,7,3,4,6,3,6,2,5,6,2,6,1,1,1,6,4,4,7,5,0,4,3,4,4,1,3,1,8,1,2,3,6,3,6,4,5,1,3,8,3,7,5,5,2,4,3,2,2,1,1,3,3,3,2,1,3,1
SIM_CELL_0412,1,5,4,4,5,2,1,10,2,9,9,7,7,5,6,4,4,1,4,2,1,7,1,4,9,4,2,4,3,2,2,2,4,3,7,2,6,2,1,3,2,3,3,5,5,2,1,2,3,4,4,6,5,3,5,4,4,3,3,3,2,4,3,1
SIM_CELL_0413,1,6,2,0,5,2,3,6,1,4,2,6,6,1,7,4,3,4,2,3,2,1,3,3,1,5,1,3,5,5,3,6,2,2,5,3,6,2,5,5,5,4,3,3,1,4,6,6,3,7,6,2,2,4,3,7,5,5,4,2,1,0,5,3
SIM_CELL_0414,5,10,3,0,4,2,1,9,1,7,9,7,3,4,3,8,4,5,2,2,1,2,2,6,10,1,2,1,6,3,4,3,2,0,3,4,6,2,3,2,6,2,0,7,6,2,2,3,5,9,10,1,7,0,2,4,8,1,7,5,4,1,4,2
SIM_CELL_0415,1,4,0,6,4,0,3,7,1,10,9,7,2,3,3,5,0,2,1,3,4,6,3,7,3,4,4,4,3,2,2,2,2,2,7,3,5,2,3,2,2,2,2,3,5,6,6,0,1,7,2,1,5,1,4,1,5,3,8,3,6,5,2,2
SIM_CELL_0416,1,3,1,2,1,3,0,5,4,10,6,3,5,2,3,3,1,2,2,1,5,10,0,8,10,3,3,0,5,5,1,3,1,1,2,1,1,1,1,0,8,4,2,1,3,1,3,5,1,9,4,3,5,4,4,4,6,5,4,2,4,3,4,3
SIM_CELL_0417,5,3,1,6,2,2,6,1,3,6,2,7,8,2,2,7,0,2,1,0,1,2,1,6,8,3,2,2,6,3,1,6,3,0,10,1,6,1,2,2,5,2,3,3,4,2,4,4,5,7,4,2,3,3,6,1,4,2,6,3,2,2,3,2
SIM_CELL_0418,6,1,0,2,3,0,2,4,2,3,11,8,11,4,7,11,3,3,4,1,0,1,1,3,2,2,1,2,2,3,3,5,1,0,4,1,2,3,3,6,5,3,3,5,7,3,4,4,1,5,5,3,5,4,3,6,2,4,1,4,5,0,3,0
SIM_CELL_0419,7,1,3,4,6,1,4,6,2,8,3,4,6,4,7,4,2,1,0,5,1,4,3,6,6,5,2,7,4,6,0,4,2,3,6,3,1,2,1,3,6,0,1,0,3,4,5,4,1,4,6,2,4,2,7,6,5,3,11,2,5,3,4,3
SIM_CELL_0420,3,3,1,1,2,1,0,5,3,8,3,5,5,4,6,13,4,3,1,3,3,7,6,4,4,5,1,7,5,2,2,6,0,1,3,1,4,1,3,4,4,5,2,5,3,1,9,1,3,9,7,4,7,4,7,5,5,2,4,0,3,4,0,1
SIM_CELL_0421,2,5,4,0,4,3,6,3,6,4,1,2,4,3,3,3,3,4,3,1,0,6,1,6,7,6,2,6,6,7,2,3,1,0,4,4,6,3,3,4,7,2,4,4,3,2,3,3,4,3,5,0,5,0,4,6,2,5,6,4,2,4,8,0
SIM_CELL_0422,2,2,5,3,3,2,4,0,2,4,3,0,2,1,1,4,6,5,2,7,5,11,2,5,4,3,4,3,3,6,2,1,1,2,4,2,8,2,1,2,6,2,2,4,5,3,7,4,6,10,7,1,1,2,6,1,3,5,8,1,1,3,7,2
SIM_CELL_0423,2,0,1,3,3,1,2,2,5,7,5,8,3,2,4,4,5,2,4,5,3,6,2,8,8,5,2,3,3,2,1,6,1,0,3,1,3,4,3,6,7,1,2,5,3,2,5,5,1,7,3,3,4,2,6,2,9,3,3,1,2,0,4,0
SIM_CELL_0424,0,1,2,4,4,2,11,4,1,3,3,2,3,4,2,5,3,7,1,1,3,5,6,9,7,5,2,3,2,2,3,4,1,2,3,1,4,2,2,7,10,4,6,2,3,1,5,2,6,9,1,2,3,1,7,4,6,4,10,3,7,5,4,2
SIM_CELL_0425,3,2,1,2,6,1,3,3,3,4,9,5,3,2,3,4,1,7,3,1,4,6,9,8,6,4,2,3,2,3,0,2,3,3,6,3,4,0,1,4,8,5,3,1,1,1,3,4,4,4,8,5,7,2,0,1,4,6,3,3,3,3,3,1
SIM_CELL_0426,0,2,0,8,5,5,4,4,2,2,4,0,5,1,3,7,1,4,0,3,4,9,1,7,4,4,2,4,3,7,2,4,1,1,9,3,6,2,5,4,3,5,7,4,9,3,2,0,5,5,3,2,5,0,9,4,7,5,7,2,3,4,1,3
SIM_CELL_0427,7,4,5,4,5,0,1,9,0,5,5,5,7,0,1,5,4,4,8,4,0,5,5,5,15,5,2,5,4,2,0,1,4,2,6,0,5,5,2,2,6,10,3,4,4,3,4,2,1,8,4,4,1,4,3,4,4,7,4,2,6,3,1,4
SIM_CELL_0428,1,6,4,4,4,0,6,7,2,0,5,1,2,3,1,3,4,4,3,6,8,8,6,5,9,3,1,3,3,4,3,6,2,2,6,2,2,3,2,2,6,5,2,5,5,1,5,10,1,7,6,3,4,2,3,5,1,4,6,3,4,2,4,2
SIM_CELL_0429,3,2,2,7,4,0,6,0,1,1,4,11,6,2,3,3,0,8,4,4,4,4,0,4,4,1,1,2,6,8,4,2,4,2,3,2,2,2,1,8,9,2,2,2,9,2,1,7,3,9,7,2,5,5,3,4,9,4,6,4,2,0,0,1
SIM_CELL_0430,1,6,0,6,2,2,6,8,2,4,1,2,5,3,1,1,3,5,4,5,0,7,5,1,9,1,3,2,2,2,3,2,1,3,5,3,2,8,1,3,8,1,3,2,6,3,4,4,3,4,3,3,2,3,7,2,0,6,11,6,7,4,4,1
SIM_CELL_0431,2,5,2,3,6,1,5,5,1,2,2,2,9,2,2,7,1,1,4,4,1,4,3,7,12,2,3,4,1,2,4,5,4,2,4,2,5,1,1,3,2,4,4,3,7,3,2,4,7,4,8,1,2,3,3,5,2,6,6,1,3,2,3,1
SIM_CELL_0432,0,4,2,2,0,1,3,0,4,2,4,3,3,2,1,2,2,2,3,7,0,5,4,1,3,0,4,1,6,3,3,5,2,2,5,0,2,1,3,2,3,6,3,2,4,2,8,5,3,12,5,2,8,8,1,5,4,5,5,5,3,0,2,3
SIM_CELL_0433,6,7,6,6,2,5,1,10,2,1,1,2,8,4,0,3,1,2,1,2,1,2,2,1,6,5,1,4,5,8,5,0,0,5,2,0,3,1,5,8,4,3,1,2,2,0,1,5,1,4,3,3,3,2,3,4,4,6,3,1,1,1,1,3
SIM_CELL_0434,5,8,4,5,2,4,7,3,1,2,3,4,0,0,2,4,1,3,1,3,1,5,1,3,4,7,1,6,6,5,2,4,1,1,3,5,2,3,1,1,6,1,2,1,5,5,7,2,0,5,0,1,3,1,1,7,4,5,7,0,3,2,2,2
SIM_CELL_0435,3,7,3,4,3,5,5,10,6,2,2,5,4,2,1,3,2,2,1,2,0,1,5,6,6,1,2,5,6,7,1,2,0,1,2,6,3,5,5,1,5,3,1,5,4,2,4,5,3,4,2,0,5,10,4,9,9,8,4,0,3,4,3,1
SIM_CELL_0436,3,9,3,2,1,4,4,6,3,0,2,2,5,3,5,3,4,0,1,2,2,5,3,4,8,4,4,4,4,6,5,3,5,5,3,1,2,2,2,3,10,2,4,1,9,2,9,3,1,3,2,3,3,4,5,2,3,10,13,2,0,6,4,2
SIM_CELL_0437,12,3,3,6,2,11,10,5,6,5,4,4,2,0,6,5,2,1,0,3,1,5,1,5,5,4,2,4,8,6,6,2,4,2,1,3,5,1,0,3,3,2,0,4,6,1,1,4,1,11,1,2,2,4,4,5,4,4,6,1,2,5,7,3
SIM_CELL_0438,7,3,3,5,4,4,6,7,4,6,3,4,3,3,6,3,2,1,1,2,1,5,2,9,6,6,2,3,7,9,0,5,3,3,1,1,3,3,1,1,5,5,2,6,8,4,10,2,4,6,0,2,3,3,2,6,7,2,6,3,1,3,2,8
SIM_CELL_0439,1,9,2,8,6,6,11,10,5,5,4,3,7,2,4,6,0,0,1,0,5,7,1,3,4,5,2,2,10,7,4,3,2,4,1,5,2,5,1,5,3,5,1,3,2,1,3,3,2,1,7,2,5,2,4,5,7,5,6,0,0,4,3,1
SIM_CELL_0440,3,7,3,4,4,3,8,9,3,2,5,5,1,7,1,1,1,1,2,1,2,4,4,0,12,3,4,2,2,4,4,4,1,1,3,1,1,0,3,4,4,3,3,6,3,2,8,6,2,5,2,3,1,5,4,4,5,6,6,0,3,0,11,1
SIM_CELL_0441,11,0,2,5,3,7,3,10,2,8,3,1,3,1,3,3,2,1,3,3,2,4,1,5,3,6,0,5,4,9,4,4,3,1,2,2,4,5,2,5,1,3,1,5,9,1,5,1,2,6,1,2,4,2,5,2,8,4,6,1,4,3,10,2
SIM_CELL_0442,2,9,4,4,2,4,6,3,2,4,8,3,6,3,6,4,1,0,3,4,0,3,3,2,6,7,1,4,5,6,3,5,0,3,4,6,3,1,2,3,3,7,3,2,8,4,3,5,1,11,7,3,5,8,2,5,8,3,4,2,0,2,4,2
SIM_CELL_0443,2,5,3,3,3,3,6,6,1,2,3,7,3,3,3,2,1,3,3,0,1,6,4,1,4,2,5,3,5,9,2,5,2,1,3,3,2,1,4,0,6,1,2,4,5,3,6,4,3,4,6,0,7,3,6,4,9,2,4,1,7,1,1,5
SIM_CELL_0444,4,5,3,9,2,10,6,9,1,3,2,2,5,0,3,4,0,2,1,0,3,1,1,2,6,2,2,1,3,6,3,2,1,4,3,0,1,2,1,1,8,9,2,3,4,0,6,13,1,8,1,3,3,4,2,6,4,7,1,1,2,5,2,5
SIM_CELL_0445,5,4,3,6,2,1,10,4,5,3,5,1,6,3,5,1,3,2,3,1,2,1,2,3,7,3,1,4,3,5,1,6,2,5,2,0,1,6,2,2,4,3,3,6,2,2,2,6,3,6,3,3,4,3,3,5,4,4,7,2,2,3,3,1
SIM_CELL_0446,5,8,0,1,4,3,10,4,7,5,5,4,2,8,4,12,1,4,0,1,1,2,0,3,3,3,4,3,7,6,3,5,0,2,1,1,3,2,0,4,4,4,2,5,2,2,5,2,2,7,0,1,2,8,2,6,2,6,4,4,3,3,5,4
SIM_CELL_0447,2,3,3,2,6,2,10,8,4,7,8,7,5,4,6,5,0,3,2,3,1,4,1,3,8,3,0,1,3,6,9,1,4,6,1,2,0,3,2,0,3,4,2,4,2,5,5,8,2,7,1,2,3,7,4,8,7,2,3,1,2,5,2,1
SIM_CELL_0448,0,5,7,3,1,7,7,2,5,6,2,6,6,3,6,5,7,1,2,2,0,6,1,5,18,8,2,6,4,4,3,1,1,1,2,2,0,1,4,3,5,6,4,7,2,1,3,1,1,6,4,3,2,5,5,7,6,3,2,5,3,6,6,2
SIM_CELL_0449,1,3,4,4,4,1,5,4,6,7,9,4,4,3,4,6,0,0,0,0,2,8,2,2,4,4,1,3,5,9,7,3,2,1,6,6,4,3,2,1,4,5,1,1,1,2,3,8,2,9,3,6,1,7,2,2,3,2,5,4,2,1,3,2
SIM_CELL_0450,5,6,4,5,2,0,6,6,6,4,3,4,1,4,8,5,4,2,1,0,2,5,2,3,6,5,2,2,1,10,6,7,1,0,3,1,7,4,5,4,4,1,1,4,5,4,2,5,5,6,5,2,3,3,2,3,4,8,3,2,3,4,4,2
SIM_CELL_0451,1,4,3,2,2,2,9,3,8,5,10,2,7,6,7,7,1,1,1,0,3,10,1,2,8,3,5,3,2,6,3,5,1,3,3,2,0,1,1,1,1,2,1,1,4,3,3,5,1,3,3,3,6,4,4,4,5,3,3,1,3,2,6,2
SIM_CELL_0452,6,3,2,4,1,1,13,4,7,5,4,4,7,3,1,8,0,2,0,1,2,5,5,7,5,10,3,4,6,9,3,2,1,4,3,1,3,0,3,1,4,4,3,3,5,1,5,4,3,4,3,1,4,5,5,2,4,3,3,1,3,6,1,6
SIM_CELL_0453,6,3,1,2,3,5,8,4,10,5,8,4,2,1,1,5,1,6,1,1,3,5,2,3,6,9,1,2,4,10,4,0,1,1,0,4,2,4,4,3,3,1,1,5,4,1,2,6,3,3,4,6,5,5,3,7,7,5,4,1,3,0,4,2
SIM_CELL_0454,3,4,2,3,3,2,6,0,9,5,8,4,3,2,7,8,3,0,0,1,1,7,4,3,6,6,2,2,6,1,4,3,0,0,0,1,0,2,2,1,6,0,4,1,4,4,4,4,2,6,3,2,2,2,6,8,5,4,7,0,3,3,4,3
SIM_CELL_0455,5,3,3,1,4,3,5,6,2,3,10,6,2,4,2,7,2,1,0,2,2,3,2,6,7,3,1,2,2,2,2,2,2,4,3,10,2,3,1,2,1,3,1,1,1,3,3,0,2,6,1,5,0,1,3,8,6,2,8,1,2,3,2,6
SIM_CELL_0456,1,2,5,1,2,0,11,8,5,4,3,11,5,7,6,7,2,1,1,1,3,10,5,1,12,7,0,2,7,6,3,3,1,2,0,6,5,2,2,3,0,4,1,3,3,0,6,1,2,9,2,1,4,4,2,5,4,2,9,1,0,3,5,4
SIM_CELL_0457,2,3,7,7,4,6,3,2,1,1,3,2,11,2,5,5,2,2,2,4,2,7,4,6,6,9,2,4,3,4,1,6,1,3,4,1,0,5,2,0,0,4,2,4,4,2,3,3,4,2,1,3,1,1,3,2,3,8,4,1,1,2,7,3
SIM_CELL_0458,4,5,3,3,2,1,4,7,4,4,3,2,6,0,7,1,3,2,3,3,1,6,4,8,7,4,4,5,5,5,0,2,0,0,2,6,0,3,1,4,3,4,4,2,4,2,3,3,3,8,4,1,1,2,5,3,10,4,4,2,1,2,6,3
SIM_CELL_0459,7,3,4,5,2,5,6,1,3,5,3,3,4,1,7,2,4,1,2,3,5,16,8,5,8,2,2,3,2,4,3,3,1,0,1,8,2,3,2,2,2,3,4,2,4,2,0,4,3,7,4,0,4,4,4,5,4,7,5,1,1,4,3,6
SIM_CELL_0460,4,8,5,1,2,2,5,5,3,3,3,3,8,1,9,1,6,1,6,3,6,9,3,2,7,4,3,6,1,6,3,0,1,5,0,3,1,3,5,1,3,3,2,2,4,2,8,6,0,3,3,3,3,6,4,3,4,4,1,2,4,3,3,2
SIM_CELL_0461,6,4,1,1,3,10,5,4,3,5,4,3,9,1,5,7,4,1,3,2,4,6,2,9,10,2,5,0,2,5,2,4,1,2,3,3,1,3,3,3,1,1,4,3,5,5,4,8,2,2,4,3,2,3,7,6,10,8,7,2,1,4,6,4
SIM_CELL_0462,4,3,2,4,2,4,5,10,3,1,4,3,7,3,7,3,11,4,2,3,1,5,3,8,4,5,5,3,4,8,4,2,1,2,3,0,1,7,0,2,3,7,2,3,1,2,5,2,3,5,3,1,1,1,3,4,4,5,8,1,2,2,3,4
SIM_CELL_0463,5,1,3,1,3,4,4,4,3,4,2,4,8,3,6,0,3,6,3,3,3,8,3,9,6,10,1,7,6,5,4,6,1,6,6,1,1,3,2,5,0,5,1,4,7,3,7,8,0,7,3,3,3,1,5,3,4,7,8,0,0,5,5,2
SIM_CELL_0464,5,4,2,3,2,5,3,3,3,4,1,3,9,1,6,3,11,5,3,0,1,7,5,6,14,5,2,1,1,8,5,3,0,4,2,2,0,1,5,4,4,1,3,1,3,2,2,4,2,5,1,1,3,3,6,3,2,7,8,7,6,2,7,2
SIM_CELL_0465,4,3,0,0,4,1,2,6,0,2,5,2,8,0,7,2,2,0,7,0,2,10,2,3,4,4,3,5,2,11,3,3,1,3,0,9,2,1,4,5,2,3,1,5,4,2,3,1,2,6,8,0,4,6,3,3,4,4,7,5,2,2,5,2
SIM_CELL_0466,6,2,3,3,10,3,5,3,0,6,7,0,9,1,9,3,9,1,2,1,1,7,4,4,9,5,2,5,1,5,1,4,2,5,2,3,0,2,1,7,3,3,4,1,4,0,3,2,2,5,3,0,2,3,7,1,8,5,7,3,6,2,1,2
SIM_CELL_0467,7,2,0,4,7,0,4,3,2,3,4,3,6,3,8,4,5,4,0,4,2,7,3,6,6,7,4,1,8,7,4,0,1,3,2,2,2,3,2,2,4,5,2,2,6,3,6,2,1,6,1,2,10,1,3,7,11,3,5,0,0,4,4,0
SIM_CELL_0468,4,6,3,5,4,5,4,9,3,4,6,2,6,0,5,3,5,2,2,0,1,9,2,3,4,4,1,6,2,6,3,3,2,1,2,2,1,4,1,1,4,5,1,5,0,3,1,1,0,6,3,1,5,6,8,3,1,5,5,1,2,5,4,1
SIM_CELL_0469,6,7,5,10,2,6,7,12,10,2,3,3,4,0,2,4,3,2,2,0,3,1,2,8,9,1,5,4,3,1,6,11,0,1,1,3,6,4,2,2,3,2,1,1,6,2,4,3,6,6,5,1,5,1,2,2,1,4,8,1,5,1,5,2
SIM_CELL_0470,1,4,1,11,4,3,3,6,3,5,4,5,7,4,8,8,3,3,6,3,1,1,6,3,6,4,2,1,4,3,4,2,4,0,1,2,0,2,3,2,4,6,0,1,6,2,2,6,4,3,6,1,5,2,3,4,5,1,8,4,4,8,1,2
SIM_CELL_0471,7,11,1,6,6,3,5,8,1,6,2,6,3,4,1,2,1,4,3,6,2,3,3,5,5,3,6,4,1,4,4,2,0,3,6,6,3,5,4,0,7,2,8,2,7,4,4,3,3,3,2,3,4,7,2,1,1,3,5,1,2,6,5,2
SIM_CELL_0472,3,4,2,4,4,4,6,5,1,3,5,1,5,4,4,4,2,2,2,5,3,2,3,4,7,0,5,5,5,11,2,1,1,3,2,4,1,2,0,2,3,8,1,2,2,1,6,4,3,1,6,5,4,7,5,1,3,5,8,5,5,3,2,3
SIM_CELL_0473,7,5,5,5,6,4,5,12,2,6,7,2,4,2,7,6,1,5,1,1,2,5,6,6,9,6,2,10,5,4,4,4,3,1,3,1,2,1,0,2,2,3,3,2,2,3,5,5,3,6,4,3,5,3,2,4,5,3,8,4,4,6,1,2
SIM_CELL_0474,2,14,3,1,9,5,6,5,1,6,8,2,4,3,3,4,3,3,3,3,2,0,0,3,5,4,4,6,8,10,2,2,1,3,2,2,1,0,3,5,5,4,0,4,3,1,3,6,6,2,6,5,2,3,0,3,6,4,7,2,5,1,4,4
SIM_CELL_0475,4,7,3,9,3,6,6,7,2,1,2,10,12,1,3,8,5,0,3,1,2,3,2,1,6,3,6,4,5,8,2,7,3,4,7,0,5,1,2,4,4,6,2,6,6,4,2,3,2,4,1,1,7,2,1,2,5,4,8,2,0,6,2,2
SIM_CELL_0476,7,5,8,8,9,5,10,9,3,3,3,3,2,3,5,5,1,1,1,1,1,1,1,3,5,4,2,5,5,2,6,4,1,1,2,2,4,1,2,1,4,3,2,2,8,4,1,5,2,2,3,3,7,2,1,6,2,3,6,7,1,5,4,5
SIM_CELL_0477,7,7,4,4,2,8,7,7,3,3,1,7,2,2,3,4,0,2,1,1,2,2,1,4,11,1,3,2,1,11,0,9,3,1,0,5,3,2,2,0,6,4,3,2,3,3,7,2,3,6,8,4,1,3,10,3,7,2,5,3,5,2,1,4
SIM_CELL_0478,7,6,2,6,1,4,4,5,2,4,5,2,9,2,5,5,1,3,3,0,3,3,4,7,11,4,7,5,6,3,4,7,2,2,3,4,7,2,0,2,2,5,2,5,7,1,0,6,5,4,6,5,4,4,2,2,5,2,9,4,5,5,5,1
SIM_CELL_0479,2,10,4,5,2,1,5,10,4,3,4,2,3,2,3,5,2,0,2,1,1,4,4,3,3,3,0,10,5,9,2,6,0,2,6,0,1,3,2,1,3,5,6,4,6,6,4,6,4,1,2,6,4,4,3,3,9,5,6,4,7,5,3,4
SIM_CELL_0480,5,3,5,1,5,3,7,13,2,3,5,2,4,6,3,5,3,3,3,3,3,2,3,3,6,4,6,6,5,6,1,4,1,0,2,1,0,1,1,5,3,5,4,1,11,2,4,4,6,3,6,1,4,3,5,4,2,5,5,4,4,5,2,4
SIM_CELL_0481,5,5,3,3,4,1,8,2,5,4,18,9,13,8,10,3,3,5,4,3,1,5,3,2,4,3,3,3,5,7,1,5,1,1,4,1,1,1,2,5,4,3,0,4,3,2,3,5,5,9,4,4,3,11,4,2,3,4,6,4,2,1,2,3
SIM_CELL_0482,1,4,6,1,2,3,7,3,7,5,7,7,11,4,7,8,0,3,2,1,1,4,2,3,2,4,2,10,8,5,3,4,2,1,2,0,3,2,1,2,2,4,0,2,2,3,6,4,3,3,2,5,4,7,4,3,4,5,8,5,5,5,1,5
SIM_CELL_0483,4,1,0,1,2,4,7,7,9,3,10,4,4,7,5,5,1,0,2,0,0,1,0,3,6,6,2,6,4,7,2,5,0,0,2,3,1,7,1,2,2,9,2,6,6,2,4,3,4,4,2,2,3,8,1,1,6,1,8,2,1,8,3,6
SIM_CELL_0484,2,0,2,7,1,3,7,7,8,8,5,6,4,3,3,8,1,3,2,3,4,0,2,3,3,6,3,6,4,5,5,6,2,2,4,4,4,3,0,2,4,2,1,4,3,0,4,1,4,7,2,6,1,5,3,6,8,6,6,2,5,2,0,1
SIM_CELL_0485,3,1,2,5,3,2,1,4,10,4,8,3,4,5,6,9,3,8,0,2,1,5,3,2,5,4,8,7,9,6,4,5,1,0,5,0,3,5,3,5,4,6,6,1,2,2,6,7,0,3,8,1,1,5,5,4,3,3,8,5,8,2,2,2
SIM_CELL_0486,2,2,2,0,3,5,4,1,5,4,6,12,8,6,7,6,1,0,3,2,3,5,0,5,3,5,2,2,6,7,3,3,3,2,5,5,4,1,1,1,4,5,4,4,5,3,2,1,4,4,3,2,4,2,1,6,1,2,8,1,2,5,3,5
SIM_CELL_0487,3,4,5,2,4,0,3,2,4,1,5,8,9,6,4,2,3,3,2,1,2,1,2,7,3,4,0,4,8,3,1,7,2,1,3,5,2,3,2,3,5,4,1,2,7,1,4,3,3,3,5,3,2,5,1,1,4,3,6,5,3,4,2,5
SIM_CELL_0488,2,2,2,4,7,3,1,0,9,1,5,8,1,4,8,5,2,2,0,2,2,3,2,4,1,5,3,3,7,3,1,7,3,1,4,5,5,2,2,0,5,8,4,3,2,3,2,1,3,6,4,5,2,4,2,4,6,3,4,3,7,6,0,1
SIM_CELL_0489,1,1,7,3,6,2,6,2,4,4,10,3,5,2,11,4,2,6,1,2,3,4,2,2,6,4,6,13,8,8,2,6,4,2,4,4,1,2,2,2,3,0,2,2,7,1,7,1,6,2,5,1,4,6,3,1,4,3,6,2,3,1,7,2
SIM_CELL_0490,8,1,2,2,2,2,3,1,8,3,8,6,13,2,6,5,0,4,4,3,2,3,1,3,4,8,4,7,3,9,1,3,1,0,3,3,0,1,2,3,4,8,1,3,1,2,2,3,5,7,5,3,7,3,4,4,5,4,5,5,8,4,1,2
SIM_CELL_0491,1,5,4,3,3,3,3,3,8,1,9,6,5,4,4,1,4,3,0,4,0,2,0,4,3,7,2,4,4,6,2,5,4,1,2,1,2,2,2,1,7,9,0,3,4,1,3,3,1,6,1,1,12,2,0,1,3,4,5,1,7,5,3,0
SIM_CELL_0492,3,0,3,2,7,9,7,5,4,2,5,9,9,9,5,7,1,4,3,3,3,6,1,4,3,3,4,5,4,6,4,1,1,0,4,1,1,2,2,2,2,5,1,5,4,1,6,6,6,5,5,3,4,3,2,5,3,3,3,5,4,7,2,3
SIM_CELL_0493,5,6,2,4,4,4,1,3,0,8,8,0,14,3,5,0,3,2,1,3,3,4,8,7,16,3,4,2,11,6,3,5,1,2,7,0,4,5,1,4,3,5,0,4,3,2,3,8,3,12,5,0,2,7,1,3,1,5,7,2,6,6,3,3
SIM_CELL_0494,5,3,5,6,2,2,3,5,4,5,5,2,7,2,6,2,9,2,3,4,2,3,4,10,3,4,4,1,5,10,5,5,4,2,4,2,2,2,2,0,1,8,3,2,5,0,3,6,4,5,8,4,2,3,1,3,4,0,10,4,5,4,3,4
SIM_CELL_0495,1,7,1,6,4,3,4,2,2,2,2,3,9,1,1,1,5,2,3,2,1,8,3,3,6,1,4,6,3,6,7,5,0,1,0,3,4,1,1,2,2,6,2,4,4,0,8,5,5,4,0,2,1,1,4,2,2,5,3,4,3,4,5,3
SIM_CELL_0496,3,1,3,4,0,2,8,5,4,4,6,4,7,0,6,3,4,3,3,2,4,6,7,6,5,3,4,2,6,10,2,4,1,1,3,2,1,4,4,1,1,2,5,5,6,1,1,4,2,5,3,3,4,5,1,8,2,3,6,2,4,2,2,0
SIM_CELL_0497,3,4,4,2,1,4,6,5,2,3,8,5,10,2,5,0,1,6,5,4,1,6,0,7,4,2,2,5,7,4,2,4,1,0,4,2,3,3,0,2,2,5,2,2,5,0,2,5,4,2,2,4,3,7,1,5,8,5,6,4,3,3,2,2
SIM_CELL_0498,2,2,2,3,1,1,4,3,3,3,2,6,7,0,10,3,1,1,1,2,4,12,7,7,9,3,5,6,6,7,4,5,1,1,2,1,2,3,2,0,1,7,3,6,2,2,2,5,8,2,7,3,2,6,2,5,5,4,11,5,3,5,1,3
SIM_CELL_0499,5,5,3,1,1,2,3,6,4,9,5,0,4,4,7,3,2,1,1,2,1,6,5,9,2,2,2,8,10,9,2,1,1,3,3,3,3,2,3,1,4,6,2,2,3,3,2,5,2,2,2,0,2,5,7,3,2,2,4,2,5,5,1,0
SIM_CELL_0500,3,1,2,1,2,0,3,2,3,3,4,3,10,1,4,3,5,5,1,6,3,9,3,8,5,4,4,5,5,4,3,4,2,3,3,3,3,4,1,2,2,0,2,1,6,3,4,2,1,0,7,3,1,5,3,3,3,5,6,2,3,5,1,2
SIM_CELL_0501,4,3,2,4,0,0,2,4,2,2,4,6,11,0,6,2,3,5,2,4,2,4,5,8,4,4,0,5,9,2,2,1,3,1,2,4,5,4,3,2,5,3,0,5,5,1,1,3,6,1,4,5,6,4,7,2,4,4,4,5,8,3,1,0
SIM_CELL_0502,1,5,1,5,5,2,4,4,2,2,3,4,6,2,4,2,2,2,2,5,1,5,6,7,5,3,2,4,2,8,0,7,0,0,3,3,3,3,1,1,4,8,2,4,9,1,7,5,5,2,7,0,3,1,5,1,8,1,3,2,4,2,2,3
SIM_CELL_0503,6,5,1,1,5,4,5,4,4,5,4,2,10,0,7,5,8,3,5,2,4,2,7,8,11,2,3,5,8,5,3,5,3,4,6,3,3,5,2,4,4,2,4,4,4,2,1,6,3,5,2,5,4,2,2,3,3,1,11,3,5,2,2,3
SIM_CELL_0504,7,9,1,4,4,5,6,4,3,5,2,3,6,2,2,2,2,5,4,1,3,3,1,5,7,2,5,7,4,4,4,6,2,0,5,2,3,4,2,0,2,8,2,5,6,1,5,2,5,1,5,5,1,2,4,1,3,1,5,3,3,5,1,1
SIM_CELL_0505,5,6,7,7,5,3,2,8,4,4,4,1,7,2,5,3,2,4,1,2,3,4,0,5,6,13,3,7,9,5,6,5,1,2,6,4,3,4,1,1,4,0,2,3,8,1,4,2,5,7,6,2,5,4,2,1,2,2,6,2,4,4,3,1
SIM_CELL_0506,2,5,3,4,1,8,3,3,7,0,2,5,6,2,1,7,4,5,3,3,2,1,3,4,5,3,1,5,6,12,4,4,3,2,4,3,3,5,6,4,9,1,1,6,4,0,3,1,3,6,3,4,6,2,5,3,4,2,12,2,5,2,1,2
SIM_CELL_0507,3,9,12,1,2,3,5,6,1,1,2,2,0,4,3,4,3,2,1,3,4,2,5,3,7,7,1,7,5,2,3,2,2,1,0,2,2,1,4,4,2,0,2,8,5,1,3,3,6,4,3,1,2,3,3,8,3,3,4,4,2,2,4,3
SIM_CELL_0508,2,7,0,7,6,2,4,8,3,2,9,5,7,3,5,7,4,3,3,1,0,4,3,4,2,5,0,5,6,3,4,7,1,1,3,1,7,6,5,3,2,2,1,4,5,2,2,2,4,5,4,2,2,6,2,3,3,7,4,1,1,6,2,2
SIM_CELL_0509,4,17,5,4,1,1,10,10,1,3,5,2,3,2,5,2,3,1,0,2,2,6,4,10,8,4,1,7,6,5,3,5,2,3,5,2,0,4,2,3,6,1,4,2,6,2,7,2,3,6,7,2,4,4,2,5,2,6,3,4,6,0,3,5
SIM_CELL_0510,7,4,8,5,3,11,4,11,1,6,4,4,3,4,5,5,5,5,2,1,4,4,3,6,5,5,0,9,6,3,7,3,2,3,3,3,2,2,2,1,6,2,1,3,8,2,4,2,5,12,6,3,5,2,7,3,5,3,3,1,3,3,1,4
SIM_CELL_0511,5,7,10,3,2,4,4,13,3,2,4,1,5,8,5,0,1,1,1,1,0,6,6,8,3,9,1,11,3,3,4,8,0,1,10,1,2,1,7,1,6,3,3,3,4,2,1,5,2,6,6,1,2,2,5,3,3,3,2,0,5,2,0,5
SIM_CELL_0512,3,11,3,3,3,1,3,7,2,1,2,2,5,6,6,5,4,0,1,1,4,4,1,9,2,4,1,5,3,2,5,3,0,3,0,1,6,1,3,0,5,2,2,1,2,1,3,4,4,5,6,2,0,3,2,0,3,3,1,3,2,4,7,3
SIM_CELL_0513,3,12,3,7,4,3,2,9,7,7,2,2,4,3,3,11,5,4,3,2,4,3,0,4,2,8,0,4,5,3,3,4,0,1,4,2,2,4,4,1,4,2,2,5,9,2,5,4,2,7,2,3,7,4,3,3,4,3,6,0,5,2,1,1
SIM_CELL_0514,4,6,5,5,8,5,6,5,3,6,3,4,5,4,7,7,3,5,2,2,3,6,6,7,7,3,1,5,8,5,1,6,1,1,2,1,1,8,3,2,7,3,3,5,3,5,9,0,3,7,5,4,3,4,1,2,4,1,5,3,2,3,6,2
SIM_CELL_0515,4,5,3,5,9,6,7,7,5,4,6,1,7,2,5,10,6,4,0,3,3,2,3,8,3,7,0,13,5,4,9,4,0,2,1,4,3,7,1,2,8,6,3,6,7,3,6,1,3,5,0,4,6,6,4,2,4,4,7,6,6,4,4,1
SIM_CELL_0516,7,12,4,7,3,4,2,17,1,3,5,3,5,4,8,1,2,5,3,1,0,5,3,4,9,5,4,10,4,4,4,6,1,3,3,6,4,4,3,0,3,2,1,4,8,5,3,0,5,10,1,5,5,3,4,3,2,5,3,1,2,2,5,0
SIM_CELL_0517,4,4,2,2,0,2,1,2,6,1,7,1,6,3,4,11,5,0,0,4,4,3,1,5,8,11,3,4,3,5,4,2,1,3,4,2,4,1,3,3,3,2,4,5,4,1,3,3,2,5,4,3,2,7,1,6,7,2,3,4,5,3,4,1
SIM_CELL_0518,4,4,5,4,8,2,2,3,7,5,10,2,3,1,5,4,5,4,1,2,1,1,2,2,5,4,0,7,5,5,9,7,4,2,5,1,0,6,1,4,4,2,2,6,5,1,4,5,8,8,3,2,5,3,2,2,4,3,3,4,5,2,1,2
SIM_CELL_0519,4,2,2,2,2,4,6,1,7,4,11,6,10,4,6,11,3,2,1,7,4,4,0,5,3,3,1,9,3,7,3,3,4,0,0,0,3,2,7,1,2,5,2,11,6,3,3,1,2,8,3,3,3,6,3,7,6,5,6,4,3,4,0,3
SIM_CELL_0520,4,5,2,2,3,3,10,4,4,4,9,5,8,4,8,12,4,2,2,2,2,5,3,2,7,10,0,5,5,7,2,0,2,2,2,0,4,1,5,2,4,3,3,3,5,2,8,3,2,6,4,3,6,7,1,3,6,2,3,0,5,1,2,0
SIM_CELL_0521,8,4,4,2,0,3,5,2,15,4,9,3,9,1,8,13,1,4,3,6,2,1,4,4,11,9,2,4,3,2,2,4,0,1,3,1,3,5,3,2,4,2,3,5,6,0,6,3,3,5,1,2,4,2,3,4,0,5,4,1,2,7,3,2
SIM_CELL_0522,5,3,2,3,3,1,8,7,2,4,6,3,5,3,11,8,2,4,2,3,0,1,1,7,6,5,2,6,4,4,2,2,2,2,3,0,1,5,2,2,6,2,0,1,5,2,4,0,1,4,4,2,2,8,4,5,6,1,11,1,2,2,2,2
SIM_CELL_0523,2,4,4,2,2,2,6,5,8,2,8,4,5,2,4,5,4,5,1,3,3,5,0,6,5,9,3,6,7,1,5,5,4,5,1,1,0,2,1,2,3,1,4,3,7,0,5,3,4,7,6,3,3,2,2,2,1,4,3,1,4,5,4,6
SIM_CELL_0524,4,9,5,4,2,2,4,1,4,3,6,7,6,3,7,5,2,4,4,6,0,6,3,4,3,4,1,6,6,8,5,8,1,0,2,1,4,5,4,1,6,0,4,3,4,0,3,0,2,4,8,1,9,2,1,3,10,7,3,1,3,2,0,1
SIM_CELL_0525,4,2,4,0,3,1,4,2,9,4,11,9,12,8,12,9,3,4,0,1,4,1,2,3,5,8,0,9,6,2,6,5,1,2,2,1,3,4,3,1,3,5,2,4,7,3,7,2,1,4,6,2,3,5,0,1,9,6,4,4,3,5,5,0
SIM_CELL_0526,5,8,3,1,5,0,6,3,5,3,12,4,5,10,6,6,3,4,1,4,3,5,5,3,5,4,1,4,5,2,4,4,2,1,6,3,5,5,4,3,4,4,0,2,7,2,7,1,0,6,2,5,5,4,2,4,5,5,6,5,3,4,4,3
SIM_CELL_0527,1,5,6,4,4,3,5,6,11,5,7,4,10,4,9,6,2,5,2,5,2,4,2,6,8,5,2,2,8,8,4,3,1,1,4,1,1,2,7,1,1,4,1,3,3,1,3,4,4,5,2,2,3,1,3,7,2,2,2,2,1,2,4,0
SIM_CELL_0528,5,5,5,2,6,5,3,3,6,3,5,5,6,3,8,8,6,5,4,1,6,4,1,6,5,4,0,4,6,5,4,5,2,6,3,0,2,2,0,1,2,4,2,4,5,3,10,5,3,9,3,2,7,2,3,2,1,5,8,3,9,2,5,3
SIM_CELL_0529,3,7,6,2,1,5,2,6,2,4,4,4,8,1,4,1,11,6,3,4,4,5,3,10,11,6,0,9,10,3,4,3,1,1,4,1,3,7,1,2,1,3,3,2,5,2,5,6,4,2,3,6,3,6,5,3,3,5,2,1,3,3,1,2
SIM_CELL_0530,6,7,5,3,3,1,2,8,3,4,3,4,7,1,9,4,7,5,2,1,3,2,6,9,9,6,5,6,5,8,3,3,1,3,5,2,4,3,5,4,4,2,0,1,3,1,6,3,6,9,4,4,8,1,3,5,2,5,5,1,0,3,2,5
SIM_CELL_0531,4,9,0,3,2,0,3,4,3,2,4,6,6,4,10,2,8,9,3,4,3,4,10,8,7,7,1,6,9,6,2,2,1,2,2,2,3,5,1,3,3,3,1,10,4,4,1,2,2,6,5,5,3,6,4,1,10,4,4,3,5,1,2,3
SIM_CELL_0532,4,6,2,4,2,1,3,11,4,0,6,6,7,1,5,6,5,8,5,8,2,4,4,11,4,16,0,7,1,3,1,1,3,1,2,1,2,1,4,2,7,2,0,0,6,0,7,2,5,9,1,0,5,6,1,5,2,4,4,3,4,4,1,3
SIM_CELL_0533,1,6,1,2,1,4,5,5,0,4,3,4,6,2,9,6,13,4,3,6,6,9,5,8,4,6,3,9,6,5,3,5,2,2,3,2,3,7,1,1,2,1,1,8,3,2,5,1,3,4,4,2,3,2,4,1,4,6,3,5,0,2,2,2
SIM_CELL_0534,5,1,3,2,2,5,3,6,2,3,7,3,6,3,3,7,6,1,4,6,6,6,6,7,5,7,2,4,8,3,4,3,4,3,2,2,2,3,2,3,0,1,1,2,6,1,5,0,2,7,1,2,4,3,0,0,4,1,3,3,2,2,1,2
SIM_CELL_0535,3,2,4,1,4,2,1,6,3,9,3,2,6,1,5,3,4,4,2,6,6,8,4,9,4,8,3,6,5,5,4,6,4,1,3,1,3,4,2,4,2,2,0,7,3,3,6,5,2,4,4,5,5,3,5,3,4,3,7,4,1,5,3,2
SIM_CELL_0536,6,2,6,1,1,3,1,2,3,3,4,7,3,2,7,3,6,9,2,4,5,9,4,4,8,7,2,7,6,1,1,9,1,3,2,2,3,3,1,2,1,2,2,2,6,2,3,5,2,8,5,0,6,7,1,3,3,1,2,4,7,3,0,2
SIM_CELL_0537,4,6,4,10,2,1,3,6,4,5,1,3,6,4,15,5,6,8,2,6,5,1,2,11,2,10,2,7,8,5,4,3,2,4,4,4,3,4,3,3,2,1,3,5,4,4,5,5,5,6,5,0,2,5,2,7,5,4,3,3,7,2,1,2
SIM_CELL_0538,4,6,6,3,4,0,0,4,2,2,0,6,5,1,7,6,5,2,5,4,7,7,5,2,4,6,3,1,3,3,6,2,2,1,2,3,4,3,3,1,5,4,2,5,6,6,4,4,2,13,3,2,2,5,2,6,2,3,7,2,0,3,2,0
SIM_CELL_0539,5,3,3,3,3,2,2,5,4,5,6,5,6,3,8,3,6,4,2,4,3,6,7,9,5,7,2,6,9,3,1,2,0,1,3,2,3,4,4,0,3,1,0,3,2,2,6,2,10,4,3,2,2,6,4,5,6,6,4,1,3,3,3,4
SIM_CELL_0540,1,2,2,3,5,1,1,2,5,2,3,5,8,1,11,4,5,4,3,2,3,4,9,12,3,2,0,4,4,7,6,9,5,1,1,0,2,6,3,2,6,4,0,0,5,0,7,2,4,7,2,2,4,9,0,4,3,4,2,0,5,3,4,6
SIM_CELL_0541,3,7,3,4,2,7,10,9,1,9,2,1,4,4,4,4,1,3,2,2,0,4,1,5,5,3,3,3,6,2,8,1,4,0,3,4,3,1,2,2,0,2,1,3,5,3,0,4,3,6,2,4,5,3,3,5,2,7,3,4,2,6,1,3
SIM_CELL_0542,4,10,6,3,4,3,8,4,1,8,10,3,1,2,9,7,2,3,1,3,1,1,2,4,1,3,3,6,6,4,3,7,0,1,3,2,6,6,3,1,2,0,3,6,7,1,3,2,3,9,3,4,7,4,3,6,2,2,6,1,5,3,3,4
SIM_CELL_0543,3,7,1,7,5,1,4,7,5,4,6,5,4,3,0,4,2,1,1,2,4,3,2,2,5,5,1,5,9,5,5,3,2,5,5,1,3,1,1,1,2,3,4,3,11,2,8,6,1,3,5,1,4,5,2,6,4,5,3,3,3,4,4,2
SIM_CELL_0544,3,15,6,4,2,3,7,10,6,3,6,3,3,2,2,8,0,4,2,0,1,4,4,4,4,6,4,5,2,2,2,4,2,1,5,4,3,1,5,3,5,6,3,2,4,1,3,3,4,5,2,2,6,1,4,6,1,3,8,4,4,3,3,1
SIM_CELL_0545,4,10,0,7,2,2,7,5,3,0,4,5,0,2,4,3,1,0,1,4,0,2,4,8,1,7,4,4,5,7,3,5,1,3,9,1,1,6,3,1,8,2,4,4,3,1,11,4,1,6,5,5,6,4,3,4,3,0,5,4,0,6,4,5
SIM_CELL_0546,2,5,3,1,1,3,7,5,2,4,5,3,2,2,1,3,2,1,1,1,3,1,1,4,3,11,1,5,7,8,0,2,1,1,5,2,4,6,6,2,4,3,5,3,7,4,1,1,3,8,6,3,1,4,6,5,0,3,2,1,5,2,2,5
SIM_CELL_0547,6,3,3,7,3,5,8,4,6,4,5,1,3,2,3,7,0,2,0,6,2,1,3,5,3,6,2,5,4,4,2,3,0,2,2,4,5,3,1,1,3,2,0,3,6,4,7,4,1,5,2,1,3,6,8,5,4,2,5,0,0,4,1,0
SIM_CELL_0548,1,13,5,7,5,3,8,10,5,4,3,3,2,3,4,2,2,2,0,2,0,3,7,1,3,6,3,6,9,4,2,4,3,4,9,1,2,4,1,2,2,6,6,5,5,1,4,4,1,11,1,3,9,6,5,6,1,6,5,1,3,2,0,6
SIM_CELL_0549,4,6,3,3,3,1,7,6,4,1,4,2,0,3,3,6,2,7,0,2,4,0,2,9,1,4,1,7,7,2,4,7,1,1,3,3,6,4,5,0,5,5,3,2,4,4,3,3,1,8,3,0,2,4,5,3,1,5,2,1,5,5,2,0
SIM_CELL_0550,7,8,3,5,6,2,0,8,6,5,4,3,7,1,3,7,2,4,2,2,0,4,4,3,3,12,3,8,5,2,0,4,1,2,2,2,1,3,1,3,4,2,2,2,2,1,3,3,3,5,5,3,0,9,2,5,0,4,3,2,4,4,1,3
SIM_CELL_0551,7,10,2,3,1,2,4,8,4,5,5,0,1,2,4,4,4,4,0,1,2,0,5,6,6,1,0,3,8,3,4,5,1,4,8,1,1,2,2,1,2,3,5,2,4,1,5,2,3,4,3,0,6,3,5,8,2,8,4,2,5,4,7,3
SIM_CELL_0552,6,10,3,4,3,4,3,4,2,4,2,8,4,0,2,6,1,3,1,1,4,5,1,4,1,3,3,4,7,8,3,2,6,1,4,1,1,3,3,1,3,4,3,3,6,3,6,4,3,5,7,1,3,4,5,5,2,6,2,2,3,2,0,2
SIM_CELL_0553,0,5,2,1,2,1,2,1,7,4,8,7,3,4,4,5,0,3,1,3,2,4,0,1,5,8,1,6,1,5,4,3,2,1,5,2,2,4,4,3,2,5,3,2,7,1,6,3,5,4,5,1,4,6,3,5,2,1,5,3,3,2,2,3
SIM_CELL_0554,1,0,5,4,1,4,2,4,5,5,2,2,3,3,6,7,0,4,3,3,5,4,1,4,4,1,3,7,7,3,6,4,1,4,7,5,0,2,1,3,1,2,4,1,8,1,4,2,3,8,6,1,3,2,3,5,2,4,4,4,4,4,4,0
SIM_CELL_0555,5,12,5,2,3,1,8,1,10,11,6,6,7,4,5,8,2,2,1,1,3,4,1,4,4,10,1,7,7,9,4,7,3,1,2,2,0,6,3,1,5,3,3,3,10,0,3,0,2,5,8,1,2,4,3,6,2,1,4,3,3,8,0,2
SIM_CELL_0556,3,4,1,3,2,5,7,4,8,8,12,2,8,3,4,9,0,2,1,1,1,6,5,2,6,4,3,11,7,5,5,4,0,5,5,1,2,1,2,5,1,4,3,2,5,0,9,4,0,5,4,2,3,2,7,3,1,4,8,2,3,1,3,2
SIM_CELL_0557,5,4,1,1,4,2,10,1,14,2,13,2,3,0,6,3,3,5,1,2,2,3,2,4,3,6,2,3,5,4,0,5,1,2,2,5,0,1,5,0,2,1,4,2,10,1,5,2,2,2,3,6,6,5,5,13,4,5,5,2,3,7,0,5
SIM_CELL_0558,0,6,3,4,4,3,6,4,7,5,13,4,7,3,7,7,3,2,3,2,4,3,3,3,2,6,0,3,2,4,2,5,0,0,4,2,3,5,1,3,2,2,5,5,9,0,7,2,6,5,5,2,7,5,4,9,1,3,7,1,6,3,2,3
SIM_CELL_0559,1,4,3,4,1,0,3,1,4,8,6,1,4,3,4,5,3,2,2,0,6,3,4,9,1,9,8,10,7,5,3,8,2,5,6,8,2,3,2,3,4,6,5,3,8,3,0,6,2,5,9,4,5,5,5,7,2,4,4,3,2,2,0,2
SIM_CELL_0560,4,4,4,2,1,0,2,1,4,4,10,4,4,4,11,9,0,2,0,2,3,3,2,3,1,3,6,5,9,4,0,7,2,1,5,2,2,2,1,1,7,5,2,6,5,0,11,1,3,6,5,3,5,5,7,2,2,2,8,0,5,5,5,1
SIM_CELL_0561,1,2,5,2,1,4,2,2,2,6,11,2,1,4,6,5,1,1,1,2,2,1,1,3,2,7,4,6,4,5,5,4,1,4,3,2,2,5,3,2,7,3,2,5,5,1,2,0,2,5,2,2,2,5,4,6,0,6,6,0,3,4,0,5
SIM_CELL_0562,0,4,1,1,2,2,7,4,0,4,4,3,4,5,8,5,1,1,2,1,0,3,4,7,3,6,1,4,8,6,4,6,2,2,7,1,0,5,4,1,5,1,2,6,11,1,5,4,5,8,10,6,9,0,3,7,0,0,5,1,3,3,5,3
SIM_CELL_0563,3,5,3,3,0,1,3,2,5,4,9,10,3,4,5,10,0,5,0,4,1,4,3,3,3,5,2,2,5,8,3,7,3,0,6,1,1,3,3,5,3,4,4,3,4,1,3,4,1,9,4,0,6,3,2,10,3,1,6,4,4,4,4,3
SIM_CELL_0564,2,3,3,5,2,2,5,2,7,5,11,2,9,3,4,3,5,3,1,0,0,4,5,2,6,2,3,8,3,3,5,1,1,1,1,2,4,5,4,1,5,1,3,2,5,0,4,1,3,5,4,0,3,4,7,7,1,3,8,2,4,4,2,2
SIM_CELL_0565,4,5,2,3,3,1,4,5,5,3,3,1,4,0,6,1,4,2,1,2,4,4,5,2,3,10,2,3,11,5,3,3,1,0,4,4,3,3,1,0,1,4,1,6,9,2,8,3,5,5,5,0,1,6,5,8,3,4,10,0,3,4,5,3
SIM_CELL_0566,0,3,1,1,3,1,2,2,2,6,8,5,6,1,8,4,8,2,4,3,3,1,3,3,5,0,3,4,4,6,5,6,1,3,7,3,4,2,1,1,3,2,2,1,4,0,4,5,2,8,2,3,2,4,6,13,3,3,5,1,3,1,3,3
SIM_CELL_0567,6,6,3,1,2,2,3,5,6,4,5,5,6,3,7,1,3,8,3,2,5,4,4,5,3,8,3,4,11,8,1,6,1,0,5,0,6,4,2,7,3,2,6,4,8,3,6,6,3,11,11,2,4,6,3,8,0,3,4,2,2,4,0,4
SIM_CELL_0568,6,3,1,1,2,3,3,9,0,5,3,5,2,0,4,4,1,9,2,1,5,7,6,2,5,3,5,4,6,2,0,5,2,2,4,2,6,2,3,3,3,4,4,2,5,2,3,2,2,4,9,4,3,4,4,5,2,4,7,2,7,5,2,2
SIM_CELL_0569,1,1,3,1,3,1,5,4,5,8,6,4,4,2,8,0,5,9,1,2,4,6,5,7,3,8,1,3,5,6,1,5,2,0,6,5,2,4,0,3,5,3,3,4,5,4,3,5,5,3,5,2,5,5,7,7,2,1,5,1,4,1,3,1
SIM_CELL_0570,1,5,5,2,3,2,2,3,0,5,6,2,2,0,10,2,0,7,1,2,4,4,7,8,3,6,2,3,8,5,2,4,1,3,1,3,3,8,1,1,2,3,4,2,5,2,6,3,3,4,5,3,5,8,3,5,1,4,4,2,4,3,4,2
SIM_CELL_0571,6,3,3,1,2,2,1,7,2,3,5,3,3,0,4,2,9,2,2,2,2,2,2,2,4,4,1,4,9,7,3,9,1,2,7,2,4,4,3,3,1,7,5,3,12,0,2,3,1,4,7,1,3,9,2,8,2,4,4,1,4,4,2,6
SIM_CELL_0572,4,8,0,5,1,0,6,4,3,3,5,3,7,0,3,2,3,3,2,5,2,4,5,5,3,8,1,4,7,6,1,11,0,0,6,2,2,7,1,1,4,2,4,5,4,0,1,4,3,10,6,2,6,10,1,9,0,3,10,2,5,2,2,3
SIM_CELL_0573,3,7,2,2,0,2,7,2,3,4,4,2,4,2,10,6,3,2,2,4,2,2,4,3,3,5,3,7,7,8,5,5,2,0,5,2,2,5,0,1,0,2,5,2,8,1,8,3,1,6,6,2,6,6,3,4,1,1,3,3,7,5,1,7
SIM_CELL_0574,2,3,1,3,3,1,5,3,5,2,4,1,8,1,3,1,2,3,2,1,1,2,3,5,4,8,2,8,4,6,5,2,3,0,5,4,3,4,3,1,2,4,4,3,5,2,4,2,5,4,6,6,3,9,3,2,1,5,2,6,3,5,3,3
SIM_CELL_0575,2,5,6,3,0,1,4,4,3,6,6,5,10,1,4,3,6,5,2,0,4,4,3,9,6,7,3,3,5,5,1,2,2,1,5,4,1,4,1,2,1,2,3,4,7,1,5,5,1,10,7,2,4,9,4,6,2,2,10,2,2,1,4,3
SIM_CELL_0576,5,10,2,0,1,2,3,1,5,4,7,3,10,2,2,0,1,3,1,1,0,3,4,4,2,8,1,3,5,3,4,2,2,2,5,1,1,3,5,2,1,2,4,2,4,1,6,5,2,9,7,1,2,1,3,0,0,3,3,2,5,3,2,2
SIM_CELL_0577,2,7,7,6,2,0,3,8,0,0,3,1,4,2,3,3,0,0,2,2,1,7,2,3,0,8,2,4,6,6,6,6,5,2,1,4,4,6,2,3,3,2,1,4,4,1,5,3,1,11,8,3,6,6,2,0,4,1,8,2,1,4,1,7
SIM_CELL_0578,5,3,6,1,3,2,1,10,2,2,3,6,4,3,4,1,3,6,0,3,1,3,0,1,3,8,5,1,5,4,4,6,2,1,0,0,4,4,2,4,6,5,2,3,3,1,2,8,2,7,2,3,4,4,5,7,4,5,3,2,2,6,2,4
SIM_CELL_0579,5,3,13,4,4,3,3,10,1,3,6,6,4,1,1,2,2,1,2,7,2,2,2,3,4,5,0,4,7,5,7,0,1,2,5,2,1,3,2,3,3,5,2,2,3,5,5,3,1,5,1,1,1,3,1,2,4,8,3,3,0,5,0,1
SIM_CELL_0580,10,4,6,4,2,1,3,7,1,2,5,3,5,3,3,3,3,3,2,6,2,2,3,3,1,4,3,2,6,4,3,4,0,0,2,0,3,1,4,0,5,1,2,3,3,0,4,6,2,6,5,0,7,5,3,4,3,4,7,0,6,5,2,1
SIM_CELL_0581,11,5,8,3,6,2,6,6,4,2,5,4,4,3,3,1,4,3,1,4,1,3,2,4,3,7,2,3,10,6,5,2,4,0,6,1,2,9,1,1,4,3,2,5,8,2,6,2,4,10,1,2,2,3,5,1,3,4,8,2,6,3,4,1
SIM_CELL_0582,8,1,7,3,4,9,1,9,0,4,4,8,4,2,3,2,2,0,0,4,0,1,2,3,2,7,1,3,7,6,3,2,2,3,5,1,5,3,0,1,4,3,2,3,9,1,5,4,2,2,2,2,3,2,3,4,0,2,7,1,3,5,1,5
SIM_CELL_0583,5,6,6,4,7,3,3,8,5,3,2,7,5,1,4,3,3,5,2,1,5,6,2,2,8,7,0,3,1,7,6,7,2,4,6,0,4,5,2,3,6,3,2,3,5,4,6,3,4,7,2,3,8,6,1,1,3,3,4,2,3,4,3,1
SIM_CELL_0584,7,1,3,5,8,3,5,10,1,0,4,5,2,2,3,1,3,2,0,2,3,3,2,2,2,7,2,3,8,4,4,4,2,1,1,5,5,2,1,3,1,5,2,9,4,3,8,4,1,8,6,1,2,3,8,2,3,4,5,5,4,5,1,3
SIM_CELL_0585,6,4,6,4,6,6,3,12,3,1,8,6,5,1,5,6,2,5,2,1,4,3,3,5,2,5,3,8,4,4,3,4,1,1,3,4,5,3,3,4,7,6,4,4,6,0,6,4,5,12,3,2,1,9,3,2,4,3,2,2,4,2,2,2
SIM_CELL_0586,4,10,7,7,3,6,5,4,2,5,0,2,2,0,6,2,3,2,3,0,1,2,4,2,1,10,0,3,2,4,5,1,6,4,4,1,1,8,5,4,2,3,1,3,2,0,10,3,3,8,1,7,3,5,1,7,1,4,5,5,2,6,4,2
SIM_CELL_0587,4,8,7,8,1,8,5,2,1,1,4,2,2,0,4,4,3,6,1,4,1,5,2,0,6,4,1,6,8,7,7,4,1,1,2,2,5,2,1,1,3,3,1,4,7,5,7,1,10,9,3,1,3,2,7,5,2,1,11,2,2,1,5,3
SIM_CELL_0588,8,7,6,5,5,5,1,6,0,4,3,7,3,3,5,2,2,4,0,3,0,8,1,3,4,7,1,7,5,3,3,2,2,1,6,1,3,6,0,1,2,6,1,3,4,1,3,3,1,7,4,1,4,4,3,4,1,5,8,1,2,1,4,3
SIM_CELL_0589,4,5,5,2,6,1,2,1,1,5,8,5,3,6,2,10,2,2,3,2,3,3,2,6,2,2,4,1,3,5,8,3,1,2,2,1,2,3,2,1,3,6,0,2,4,2,7,4,2,9,6,0,2,2,4,5,1,9,5,2,3,2,4,2
SIM_CELL_0590,5,1,6,0,5,4,5,3,2,6,8,8,4,4,7,6,1,2,3,3,3,3,2,5,3,5,2,6,5,9,5,2,2,1,3,2,2,2,4,1,5,3,3,2,3,0,3,4,4,6,3,2,1,2,5,2,2,7,10,2,5,2,5,3
SIM_CELL_0591,5,2,1,3,1,4,5,2,6,3,7,9,5,6,6,4,0,2,0,2,1,1,4,3,1,6,3,6,5,11,8,3,2,3,1,3,1,3,2,0,3,8,1,2,6,0,7,6,1,11,6,3,0,3,1,4,2,2,7,3,6,5,1,2
SIM_CELL_0592,6,4,3,0,2,2,4,1,2,5,4,6,2,4,12,2,4,3,1,2,5,5,1,5,2,3,0,1,5,9,4,2,4,1,3,3,7,3,5,0,3,5,1,3,7,1,10,5,6,10,2,2,2,3,4,1,2,2,5,2,2,4,5,0
SIM_CELL_0593,2,2,1,2,2,4,6,5,4,3,10,8,3,4,3,6,4,2,1,4,3,2,4,3,0,7,3,3,4,5,6,8,0,3,1,0,3,2,0,2,0,5,2,3,5,7,2,7,1,7,2,0,3,2,2,4,2,7,3,1,3,3,4,4
SIM_CELL_0594,7,1,2,3,2,1,4,3,4,6,9,6,4,4,8,3,3,1,2,3,0,1,1,6,2,13,3,2,7,6,7,2,7,3,7,8,4,5,2,0,1,8,1,4,6,2,6,3,4,7,2,3,4,4,4,2,6,1,3,0,3,3,2,2
SIM_CELL_0595,5,0,3,2,2,4,4,4,0,3,8,5,8,3,1,3,6,1,5,3,1,2,4,0,6,6,7,5,6,7,3,8,1,0,4,1,0,3,1,0,0,2,2,6,7,1,2,2,2,5,3,4,5,5,5,2,4,4,5,0,4,2,5,4
SIM_CELL_0596,4,3,5,2,2,5,3,0,2,3,10,9,6,4,5,4,1,3,2,2,3,3,2,7,5,4,0,4,7,10,5,5,3,4,3,1,3,6,2,3,4,3,3,2,5,1,9,6,2,8,5,4,5,3,5,7,3,2,8,1,2,4,2,4
SIM_CELL_0597,4,1,6,3,3,0,4,1,5,2,11,7,5,6,7,3,2,5,0,5,3,2,3,2,3,4,3,5,7,10,9,3,3,2,3,3,1,6,2,1,1,1,1,1,11,1,3,4,1,5,1,2,1,1,4,3,4,6,5,2,3,3,1,2
SIM_CELL_0598,6,4,5,2,6,3,3,4,2,5,10,6,7,5,5,2,0,2,1,2,1,4,1,9,1,6,0,4,3,11,9,0,3,1,3,1,5,1,1,2,4,4,2,0,6,0,6,7,3,4,2,4,5,5,2,5,0,7,3,1,4,2,1,3
SIM_CELL_0599,5,4,2,0,2,2,4,5,1,2,9,4,7,10,4,5,2,5,2,2,2,1,0,2,9,1,1,6,3,5,6,0,6,3,3,2,2,4,5,3,1,2,5,3,6,1,3,4,1,8,3,0,0,3,4,9,4,1,9,1,3,2,1,3
SIM_CELL_0600,3,2,6,4,3,5,5,3,7,3,8,6,1,2,4,4,0,4,3,4,0,5,4,3,4,4,0,4,9,9,10,2,4,1,2,5,1,2,3,2,2,5,3,6,5,2,6,7,1,6,1,3,4,4,5,6,2,0,4,3,2,3,5,2
SIM_CELL_0601,6,2,4,6,4,3,2,8,0,3,3,4,8,1,7,3,4,1,3,4,3,2,2,14,3,5,2,3,11,10,2,1,1,0,1,2,2,2,0,2,2,3,2,2,6,1,5,4,6,6,6,4,3,4,8,5,4,3,5,0,3,5,3,7
SIM_CELL_0602,3,0,3,3,6,3,3,4,0,3,1,4,9,0,9,3,5,4,3,7,3,6,4,4,10,4,2,5,1,4,6,6,2,4,3,2,1,5,1,2,3,3,5,5,9,4,6,2,1,7,2,5,5,5,2,2,2,4,9,4,5,3,0,2
SIM_CELL_0603,3,4,3,5,4,5,3,2,4,2,3,8,3,3,7,0,2,1,6,4,4,4,3,4,5,6,0,1,3,7,3,5,2,1,5,2,2,5,1,3,1,0,3,2,4,1,3,6,2,4,0,4,5,3,2,5,4,2,11,4,5,3,2,1
SIM_CELL_0604,3,1,1,2,3,2,4,3,2,1,5,7,6,2,7,1,6,3,6,3,9,3,3,8,4,3,2,6,10,10,2,2,2,2,1,2,3,1,0,1,3,6,2,2,3,2,6,7,1,8,4,2,3,1,6,2,3,6,7,2,5,2,5,5
SIM_CELL_0605,0,4,5,2,5,3,2,7,0,4,5,3,6,3,4,1,5,2,3,5,4,6,2,6,1,4,3,4,2,5,6,3,2,4,5,1,1,4,1,1,1,5,1,1,2,1,1,5,3,9,2,4,5,4,3,2,3,1,9,2,0,5,6,1
SIM_CELL_0606,4,2,5,5,1,2,7,3,0,2,0,3,4,5,12,0,5,7,5,3,2,3,2,6,3,8,5,5,5,4,3,3,2,4,3,2,0,4,2,0,4,5,0,2,7,0,7,4,4,8,3,0,4,2,4,4,2,5,4,0,5,6,3,2
SIM_CELL_0607,8,4,2,0,3,0,3,9,0,5,1,4,3,2,5,4,3,5,1,2,2,2,2,4,5,9,1,5,2,7,5,3,1,1,3,3,0,4,0,2,5,4,3,3,2,1,8,1,1,11,3,2,2,5,7,2,1,4,5,4,4,1,4,3
SIM_CELL_0608,4,2,0,3,4,2,4,7,5,6,1,3,9,1,5,1,6,5,2,3,5,3,2,3,6,9,3,4,5,4,4,5,2,1,6,3,4,6,1,0,1,4,2,1,1,2,3,9,2,6,1,0,5,1,3,0,3,2,8,2,0,8,3,3
SIM_CELL_0609,9,2,3,2,6,2,2,3,4,4,5,6,7,1,5,3,2,2,5,2,2,6,3,6,3,5,0,5,4,6,8,3,1,1,6,4,2,1,0,5,6,5,1,1,4,0,3,3,5,8,4,2,2,3,2,6,3,6,10,2,3,1,5,1
SIM_CELL_0610,7,1,2,2,1,3,2,3,1,3,7,4,11,1,10,2,4,2,3,2,4,2,2,3,7,4,1,5,5,3,3,3,4,3,3,5,3,5,2,2,1,5,2,3,3,4,7,4,1,10,4,0,7,0,4,6,5,2,6,2,3,6,3,3
SIM_CELL_0611,5,2,6,6,4,0,3,6,2,5,4,6,2,1,4,3,7,7,0,0,3,10,6,9,3,2,5,6,2,6,6,1,2,2,3,2,2,2,1,3,2,2,0,5,9,2,5,6,3,7,0,4,5,5,2,3,2,7,4,2,4,1,5,3
SIM_CELL_0612,4,7,3,1,2,0,5,10,0,4,6,4,8,2,3,3,5,1,0,4,1,8,5,7,4,7,1,2,3,8,3,4,3,4,4,1,8,7,1,2,3,3,5,4,1,3,3,8,5,9,2,2,7,4,2,3,3,7,4,2,2,2,3,4
SIM_CELL_0613,2,5,4,5,5,7,6,12,5,3,2,3,3,2,4,0,3,3,1,0,3,2,2,6,8,10,3,1,3,4,2,6,2,0,5,1,5,3,1,6,2,2,6,4,4,1,3,2,3,1,6,3,7,3,2,3,2,1,5,2,2,3,2,3
SIM_CELL_0614,5,1,4,3,1,5,6,11,5,1,2,4,1,5,2,5,2,2,1,1,1,2,0,1,8,7,1,4,6,7,5,6,0,0,1,2,1,1,1,3,5,0,0,1,6,1,4,3,2,5,6,1,6,8,2,0,7,5,5,2,6,4,4,1
SIM_CELL_0615,5,8,6,8,3,1,4,9,5,1,1,3,6,3,3,1,1,3,0,3,1,3,1,5,4,10,1,2,9,5,3,2,1,0,4,1,2,2,1,2,1,5,0,9,5,2,3,2,0,11,1,0,1,5,3,7,2,1,6,2,4,3,7,2
SIM_CELL_0616,6,4,6,3,0,3,5,5,2,1,4,5,1,1,4,1,4,2,1,4,4,1,2,7,4,10,2,5,6,5,3,1,0,1,2,2,2,5,0,2,3,3,1,5,5,1,4,4,4,2,4,0,1,4,4,1,4,3,2,2,1,2,4,0
SIM_CELL_0617,3,7,7,4,0,2,6,7,2,4,4,9,2,2,1,2,1,3,3,1,1,3,2,5,6,4,3,6,4,8,2,4,3,2,1,1,4,9,1,3,1,4,0,4,6,0,6,2,3,5,4,2,5,7,2,2,5,4,2,0,4,1,6,6
SIM_CELL_0618,3,6,7,5,1,2,8,10,4,3,3,4,3,2,3,6,0,8,3,1,3,3,3,7,3,10,5,1,2,6,1,4,0,2,2,3,6,3,2,0,1,1,2,6,4,4,3,5,6,9,3,1,4,2,1,2,5,7,4,4,4,4,2,1
SIM_CELL_0619,4,3,3,3,2,3,4,5,7,2,7,6,5,1,2,1,1,1,2,2,0,3,0,5,7,2,0,3,1,2,2,5,1,1,1,1,5,2,2,1,3,1,3,2,4,1,5,1,1,4,6,1,3,3,3,5,3,4,7,1,2,1,6,5
SIM_CELL_0620,4,5,5,6,6,6,9,5,6,2,6,5,5,0,6,3,3,2,1,1,5,5,1,2,6,6,0,6,5,10,6,3,1,3,6,3,3,6,6,1,4,2,1,3,11,1,5,1,1,3,5,2,1,4,2,5,4,5,3,6,2,0,2,2
SIM_CELL_0621,4,11,13,4,2,4,14,8,8,1,3,3,6,1,3,5,2,2,3,3,2,2,1,3,8,4,3,5,3,4,3,5,5,1,2,2,1,1,4,4,2,3,3,3,5,0,2,1,4,11,1,1,3,1,2,3,6,4,8,3,2,4,3,1
SIM_CELL_0622,2,8,10,5,2,3,8,12,0,3,6,6,6,2,4,1,2,0,1,6,5,4,0,2,6,6,2,3,3,5,1,3,1,1,6,3,6,3,2,0,2,1,6,2,6,0,5,3,3,5,4,1,6,3,6,2,3,4,6,3,5,3,8,3
SIM_CELL_0623,4,5,6,1,2,5,3,5,3,2,3,6,4,2,2,3,1,3,5,1,1,4,2,4,10,5,3,1,3,5,3,6,3,3,5,5,2,3,3,1,3,1,4,2,8,1,4,4,2,1,3,2,3,1,3,3,3,6,2,3,10,0,6,1
SIM_CELL_0624,3,8,5,3,7,4,8,4,4,0,5,5,4,2,2,6,1,1,5,1,2,5,1,4,7,4,3,3,4,4,4,2,1,1,3,3,8,0,0,3,6,1,0,5,6,1,1,4,5,4,1,8,4,2,3,0,5,4,6,6,3,3,1,2
SIM_CELL_0625,6,3,13,2,2,1,11,2,5,4,6,9,2,2,7,3,0,3,1,1,1,0,2,4,6,3,3,1,3,3,2,8,1,0,4,3,2,6,1,4,4,4,0,3,5,4,4,6,3,6,1,0,6,3,6,5,4,6,9,2,5,1,2,2
SIM_CELL_0626,1,2,2,3,7,3,9,5,12,6,1,7,9,2,1,4,3,3,2,1,2,4,4,2,5,5,2,5,6,4,4,7,3,1,4,1,3,2,1,5,5,6,1,3,4,3,7,2,2,4,4,2,1,3,1,4,2,4,4,1,1,3,2,1
SIM_CELL_0627,3,5,2,1,2,2,8,6,8,4,8,6,6,3,6,6,2,1,2,2,1,3,1,5,3,6,3,1,7,6,5,3,3,2,3,4,2,4,4,1,3,0,0,4,4,4,4,3,3,5,1,3,5,6,1,2,4,4,6,4,4,4,1,3
SIM_CELL_0628,3,2,4,4,4,3,6,2,9,1,5,6,8,1,4,4,1,1,1,3,4,2,2,3,3,6,6,5,4,5,2,5,1,0,3,0,3,5,1,2,2,1,2,7,5,3,4,0,4,6,3,1,2,3,4,4,1,9,3,3,6,0,4,3
SIM_CELL_0629,4,1,3,2,1,3,7,1,10,0,11,10,6,0,7,3,1,2,1,4,1,0,0,4,8,8,5,7,5,9,1,5,2,1,3,8,3,4,1,1,1,1,0,4,8,3,8,0,2,4,2,2,3,4,3,3,4,7,2,4,1,1,4,5
SIM_CELL_0630,5,3,8,4,0,3,9,3,10,2,6,4,3,3,6,8,4,3,0,2,0,5,2,5,12,8,5,1,6,3,4,5,2,0,1,1,1,6,1,1,2,2,2,0,6,1,6,3,3,1,3,1,4,2,1,5,6,8,6,2,9,0,3,0
SIM_CELL_0631,0,0,0,4,3,3,4,4,9,4,7,4,8,5,8,9,2,2,2,3,2,1,3,1,3,3,1,6,4,5,1,6,2,1,1,0,2,4,4,3,2,3,2,5,7,2,2,1,3,2,5,4,1,5,1,4,4,2,2,4,5,2,3,4
SIM_CELL_0632,1,8,5,2,0,2,1,6,6,3,9,7,10,6,7,5,0,2,1,2,2,5,1,4,10,5,0,5,9,3,5,3,3,0,4,2,1,3,1,2,4,3,4,4,7,1,3,1,1,8,3,4,4,1,2,5,3,7,7,1,5,2,1,3
SIM_CELL_0633,4,4,1,2,3,1,8,0,8,3,8,7,4,3,7,5,6,4,0,3,2,3,2,2,5,5,5,3,4,3,5,3,3,2,2,5,4,3,1,2,3,1,0,4,6,2,4,4,4,3,6,4,3,2,2,6,4,3,8,4,4,3,2,4
SIM_CELL_0634,1,2,5,5,2,1,3,4,5,0,11,3,7,2,2,4,2,4,1,3,0,3,0,1,5,6,0,1,4,7,4,6,1,0,0,2,3,7,0,1,3,2,1,3,8,1,4,4,1,7,4,1,5,1,6,2,3,8,6,3,3,1,1,3
SIM_CELL_0635,3,2,8,1,2,3,2,1,3,2,11,9,5,4,12,4,3,0,1,2,0,4,2,5,6,7,3,4,2,4,2,8,0,3,3,2,4,4,2,2,1,0,0,7,3,1,4,3,3,4,3,2,0,7,2,5,3,8,6,1,0,7,6,1
SIM_CELL_0636,3,7,5,2,3,1,10,4,11,1,7,5,4,1,7,8,4,1,1,0,1,4,0,6,3,1,2,2,1,5,5,5,2,3,5,3,4,4,2,5,2,2,1,4,6,1,9,1,3,3,0,1,1,3,4,4,3,5,6,4,4,1,4,2
SIM_CELL_0637,1,3,7,0,2,2,4,7,2,0,6,5,5,0,7,1,4,0,1,4,7,6,4,3,7,2,2,5,6,3,1,7,3,0,2,0,4,5,2,2,4,2,4,1,10,2,6,1,5,3,3,1,8,2,2,3,7,5,6,6,1,1,1,0
SIM_CELL_0638,2,3,3,2,3,4,6,5,4,0,1,2,3,3,6,4,6,1,4,5,2,4,2,4,12,3,2,7,3,5,5,9,1,0,4,2,4,2,0,4,3,0,2,1,4,2,4,4,1,6,7,2,4,3,4,3,1,3,5,1,9,2,4,6
SIM_CELL_0639,3,5,2,4,3,2,3,4,4,3,1,3,2,3,5,5,4,8,3,2,10,3,5,6,9,2,0,0,7,5,4,4,1,1,6,2,2,2,2,3,2,7,3,2,7,1,4,4,2,7,5,3,7,4,2,3,2,6,7,4,7,4,2,0
SIM_CELL_0640,1,3,4,0,2,5,3,1,3,3,3,5,6,3,11,0,5,2,1,1,4,3,4,8,3,8,4,2,4,5,2,1,3,4,1,2,0,5,3,3,0,2,0,3,11,1,3,6,2,9,5,4,6,3,3,1,1,3,5,6,5,0,2,3
SIM_CELL_0641,4,4,8,1,2,2,5,1,6,2,5,5,8,2,3,2,4,5,3,3,5,7,2,9,2,11,2,3,4,8,3,3,2,1,1,3,2,3,2,1,1,2,3,1,3,3,5,2,4,1,3,3,6,10,2,4,3,4,3,3,3,6,1,6
SIM_CELL_0642,1,6,3,3,2,2,2,3,4,1,8,6,9,1,7,2,10,4,4,3,2,1,1,4,5,7,3,1,1,3,2,4,1,0,5,5,1,4,3,1,5,2,1,3,7,3,3,1,5,7,1,3,3,3,1,3,2,6,5,3,1,2,7,3
SIM_CELL_0643,2,0,6,4,0,1,5,2,3,2,2,1,5,1,6,3,4,3,4,4,2,7,2,3,11,2,3,5,3,2,4,2,0,1,2,2,2,2,3,0,2,0,1,6,3,1,1,1,4,7,1,5,0,4,2,2,5,4,7,1,2,1,6,1
SIM_CELL_0644,3,2,3,2,4,1,4,6,2,1,5,4,7,1,6,2,6,5,4,2,3,6,0,8,7,11,3,4,6,6,2,4,2,1,6,4,3,2,3,2,3,2,0,2,5,2,4,3,3,6,2,5,1,7,0,0,5,2,5,1,6,3,2,3
SIM_CELL_0645,4,3,6,2,0,1,4,5,5,4,4,3,5,2,7,1,7,3,2,8,2,3,2,5,3,13,2,4,7,9,6,4,0,0,4,1,1,2,2,3,1,2,1,5,5,2,2,3,4,6,4,4,4,4,3,1,7,4,9,3,5,4,2,3
SIM_CELL_0646,0,2,6,3,4,2,3,4,3,3,4,5,9,3,2,1,1,1,1,7,1,10,2,3,4,8,0,4,4,8,6,6,3,2,4,3,2,1,0,2,1,4,2,5,6,4,2,4,5,2,7,0,3,7,1,5,4,2,3,2,2,4,3,3
SIM_CELL_0647,3,4,2,4,4,0,3,7,0,3,5,5,5,3,3,2,1,7,0,4,4,7,2,2,6,3,5,3,2,7,7,3,2,2,3,3,3,2,1,3,3,3,1,8,4,0,2,3,4,2,2,4,7,1,3,2,8,1,6,1,6,0,4,4
SIM_CELL_0648,1,2,5,2,2,0,3,4,2,4,4,5,7,2,11,0,7,1,2,6,2,5,4,2,2,7,1,9,5,4,3,2,2,2,2,2,3,3,1,3,3,1,3,4,2,1,3,3,3,7,6,1,6,2,4,2,7,6,4,1,5,1,6,3
SIM_CELL_0649,16,4,12,1,8,5,2,10,4,6,3,4,4,0,5,3,3,1,1,1,1,6,1,8,11,7,9,9,8,19,5,1,1,3,0,4,0,0,0,1,3,6,2,5,4,5,1,3,2,7,6,5,3,6,2,6,1,5,3,1,0,2,3,1
SIM_CELL_0650,11,1,11,3,5,2,9,7,4,6,4,3,2,4,3,8,0,2,1,2,2,5,3,6,4,6,12,7,7,5,9,4,2,1,3,5,2,0,1,0,2,4,3,3,7,6,3,7,2,7,5,2,8,6,3,3,3,9,5,1,5,2,5,0
SIM_CELL_0651,10,5,10,2,11,2,4,7,5,7,3,3,5,5,7,4,1,5,1,2,1,4,3,4,10,9,4,2,9,9,5,4,2,1,2,1,0,2,8,5,2,1,5,2,6,2,5,2,4,8,3,0,7,6,3,4,4,1,2,1,4,2,5,2
SIM_CELL_0652,5,4,12,3,7,4,11,6,3,2,3,5,1,2,9,3,3,6,0,1,3,2,4,4,9,10,4,6,8,5,5,6,1,2,2,1,1,3,3,2,2,4,1,2,4,0,6,0,6,11,1,2,5,5,2,1,2,1,3,4,3,2,3,2
SIM_CELL_0653,12,3,6,3,7,3,6,8,4,2,2,7,6,3,3,3,0,3,2,1,2,4,3,4,10,12,5,2,7,9,11,6,1,5,5,3,6,3,0,4,3,2,4,4,5,2,7,5,4,3,1,3,1,4,1,5,1,5,2,1,5,5,3,4
SIM_CELL_0654,5,7,9,1,9,1,4,8,5,3,4,3,4,2,6,3,2,4,1,5,3,2,1,3,7,7,9,7,12,10,2,4,2,2,2,2,2,3,1,4,4,3,4,3,10,2,8,4,4,8,6,1,6,4,1,7,3,6,3,2,4,3,1,1
SIM_CELL_0655,16,5,5,2,6,7,9,4,1,1,2,7,1,3,4,9,0,3,2,1,5,2,3,4,10,5,6,4,12,4,3,4,1,1,0,2,2,1,3,5,1,2,6,6,7,1,9,2,2,8,4,2,5,2,2,3,2,2,5,1,2,1,1,2
SIM_CELL_0656,7,4,9,0,4,5,11,5,2,2,3,9,5,1,4,4,2,2,5,1,1,2,3,7,9,10,5,2,13,12,7,2,3,2,1,2,0,3,2,4,5,5,4,2,5,2,5,3,5,9,2,3,9,5,2,4,1,1,2,0,0,5,5,4
SIM_CELL_0657,9,3,26,4,5,2,8,6,3,5,4,2,2,5,6,1,3,0,0,2,1,5,4,1,6,9,2,6,8,7,9,6,0,1,0,1,3,0,4,5,7,1,2,2,6,3,5,3,3,8,6,5,4,4,4,4,2,2,2,2,2,4,2,1
SIM_CELL_0658,10,4,4,0,6,4,8,8,3,3,3,5,5,2,7,7,1,2,1,1,1,10,3,1,6,7,2,2,5,10,5,3,2,2,1,4,3,0,4,1,2,3,2,2,10,3,3,4,3,4,4,3,6,6,3,2,3,6,8,5,3,1,1,0
SIM_CELL_0659,14,3,9,2,5,1,7,7,4,2,2,2,8,5,5,4,0,2,4,0,1,2,2,9,10,8,3,4,8,14,4,7,0,1,2,1,1,1,3,5,3,4,4,3,4,0,2,5,4,3,2,1,3,4,2,11,1,4,7,0,3,2,8,0
SIM_CELL_0660,10,3,4,4,2,1,3,9,4,1,6,6,4,2,2,6,5,2,0,1,3,5,1,0,4,5,6,5,6,7,4,2,2,1,2,1,2,2,2,4,5,3,2,3,4,2,2,5,3,6,6,0,3,1,5,7,6,2,12,1,1,5,1,4
SIM_CELL_0661,2,2,1,1,1,3,10,3,4,3,8,6,3,2,6,5,2,3,2,3,7,6,1,5,7,11,4,6,9,5,5,5,0,0,3,2,2,1,1,2,3,4,2,2,2,1,3,3,5,6,3,5,6,4,4,1,5,3,5,1,7,6,5,3
SIM_CELL_0662,3,5,2,3,5,2,6,2,4,1,14,4,6,3,10,2,3,2,3,4,6,3,5,5,12,6,6,6,10,10,4,2,0,2,3,2,3,0,2,6,8,2,2,3,8,0,1,4,4,5,1,4,5,7,3,7,2,3,2,0,1,2,1,3
SIM_CELL_0663,3,6,3,0,4,5,5,3,4,2,10,2,10,3,6,8,0,1,0,1,3,5,3,2,9,11,7,3,8,4,3,6,1,1,4,1,0,2,3,2,4,1,2,7,10,2,5,4,1,7,6,5,4,3,2,4,6,2,11,2,5,4,4,4
SIM_CELL_0664,3,2,4,0,3,1,7,2,11,2,8,7,8,4,7,5,0,5,3,2,1,4,3,5,10,6,3,6,6,2,3,4,2,1,3,2,2,0,3,5,4,2,2,0,5,1,7,3,3,5,3,3,9,7,1,9,1,4,4,0,5,2,1,4
SIM_CELL_0665,4,0,4,3,2,4,6,1,9,4,10,4,3,2,9,4,5,1,1,2,2,3,2,7,9,8,5,5,7,7,7,4,1,3,1,4,0,3,1,1,4,2,3,3,10,0,3,5,4,3,5,2,4,5,5,8,7,10,1,2,4,7,5,2
SIM_CELL_0666,7,6,3,2,3,2,14,2,8,2,6,9,5,2,9,6,1,4,3,6,4,8,5,4,6,7,8,4,12,13,5,5,1,1,2,2,3,2,1,2,2,1,6,2,3,0,7,3,2,9,2,3,4,6,1,6,2,2,9,2,2,4,1,1
SIM_CELL_0667,1,3,1,2,2,3,6,2,8,6,10,6,6,7,7,4,2,6,1,1,1,1,1,3,13,13,5,1,10,8,6,4,2,3,1,2,3,2,0,4,2,7,5,3,3,2,4,2,6,3,2,7,4,2,0,3,2,4,5,4,1,3,4,3
SIM_CELL_0668,4,3,3,0,1,3,11,3,4,4,10,3,9,5,8,5,2,4,2,5,0,7,2,2,9,10,2,1,4,13,10,2,2,1,5,7,2,2,2,0,1,3,2,5,3,1,3,3,0,8,7,6,3,4,1,2,4,4,6,1,3,6,7,2
SIM_CELL_0669,3,1,2,2,4,4,16,3,6,7,6,5,6,4,7,6,2,2,3,2,3,6,3,2,5,7,4,2,10,5,4,3,1,8,3,0,5,4,2,3,2,1,2,1,4,3,2,3,7,7,3,2,5,5,2,6,4,1,2,2,2,2,2,3
SIM_CELL_0670,3,1,3,4,1,2,7,4,4,1,10,6,5,2,6,14,2,1,1,3,1,1,1,5,8,4,6,3,2,6,5,5,1,3,3,1,3,2,3,2,1,1,3,2,7,4,5,3,2,8,7,4,7,4,2,3,4,5,3,2,6,3,2,4
SIM_CELL_0671,3,1,4,2,5,3,7,0,9,2,9,8,2,4,8,7,0,0,5,2,3,3,2,4,16,5,6,10,11,6,9,4,2,1,3,2,0,2,0,5,0,1,2,3,7,1,7,4,2,6,4,6,5,5,0,10,1,1,3,1,2,5,6,2
SIM_CELL_0672,3,6,3,1,4,4,8,1,7,2,7,6,4,3,10,8,2,3,8,1,3,3,3,1,6,8,3,3,2,4,8,3,0,2,2,2,1,2,1,1,3,3,1,0,5,1,3,1,7,4,6,4,4,7,6,6,2,3,4,2,3,3,2,3
SIM_CELL_0673,3,5,5,1,2,2,1,5,4,0,2,5,4,0,6,4,2,3,3,0,2,7,2,6,8,4,7,6,5,16,5,3,0,1,3,6,1,1,0,0,3,4,4,2,8,1,4,8,3,5,2,1,4,6,4,4,2,5,5,1,2,5,7,2
SIM_CELL_0674,0,2,5,2,3,3,6,11,6,2,3,7,6,2,8,6,5,7,3,1,4,6,5,4,8,11,9,4,14,4,7,5,3,2,3,2,2,1,3,2,3,4,3,1,7,2,2,2,5,3,5,3,2,6,3,0,3,1,5,4,1,6,3,7
SIM_CELL_0675,3,2,4,4,5,0,7,5,1,2,4,0,5,2,10,1,5,2,4,2,6,5,2,5,7,14,3,4,6,8,5,5,3,2,0,4,3,4,1,2,2,4,1,1,6,0,8,2,3,2,2,7,3,5,1,3,2,0,4,1,1,3,5,6
SIM_CELL_0676,4,4,3,0,3,5,3,3,4,3,0,5,5,0,5,4,5,6,2,2,2,8,6,11,8,6,5,5,8,9,2,2,1,2,1,4,0,2,2,5,1,3,4,2,7,0,7,3,5,2,3,2,5,5,3,7,2,4,5,1,3,5,4,4
SIM_CELL_0677,2,5,3,1,1,6,3,6,2,2,1,4,5,2,3,5,1,4,6,6,6,7,5,6,8,6,6,7,6,10,4,4,1,2,1,1,5,0,2,5,2,6,2,5,5,2,1,2,2,6,3,1,4,3,1,5,2,3,7,2,5,4,2,3
SIM_CELL_0678,0,3,3,0,3,3,4,2,4,3,2,7,7,2,6,5,5,7,2,6,4,8,4,6,7,4,5,7,23,6,5,4,0,2,1,1,1,1,2,3,2,1,6,4,9,1,1,3,3,10,2,2,1,5,2,6,4,1,3,3,8,2,7,4
SIM_CELL_0679,3,9,3,4,4,3,5,2,3,5,3,2,2,2,7,3,2,3,2,8,3,12,2,5,9,10,6,3,9,7,5,3,1,3,0,3,2,0,1,3,3,4,4,0,1,1,4,7,4,5,4,3,6,2,1,9,2,3,7,3,2,0,3,2
SIM_CELL_0680,4,8,2,0,5,4,6,1,5,7,4,4,5,2,1,4,3,2,4,5,5,12,1,3,6,10,7,3,3,9,5,2,0,0,6,3,0,1,0,3,4,1,2,2,14,1,6,4,4,2,5,5,4,5,3,4,10,5,5,2,1,6,4,2
SIM_CELL_0681,4,3,6,1,4,1,4,6,1,3,4,7,5,0,5,5,8,5,1,5,5,4,3,6,7,8,5,10,4,6,5,5,3,0,3,3,3,0,8,4,6,5,7,3,6,1,8,5,2,7,7,3,10,5,4,3,4,4,2,0,7,3,2,4
SIM_CELL_0682,6,6,4,4,11,4,11,6,4,3,2,1,3,3,8,7,7,4,5,7,3,5,3,10,10,0,4,4,6,5,5,3,2,1,0,2,3,1,4,2,3,5,2,3,7,2,8,1,4,6,3,7,5,6,1,6,7,2,3,0,4,1,2,2
SIM_CELL_0683,6,1,2,2,5,4,1,4,1,2,7,1,9,0,7,6,7,3,2,2,4,11,2,8,6,6,8,6,8,9,8,6,1,2,1,1,4,0,0,5,5,3,4,2,5,2,6,2,8,4,12,0,3,2,1,3,1,4,10,1,8,8,4,6
SIM_CELL_0684,1,5,6,3,3,1,2,6,4,3,2,7,7,3,2,6,1,4,5,0,3,5,5,4,5,12,4,8,4,7,6,1,0,2,2,4,2,0,1,2,2,3,2,3,10,1,6,0,7,10,6,1,2,2,2,4,3,2,6,1,5,1,6,2
SIM_CELL_0685,7,2,16,8,7,6,1,8,2,3,2,7,1,0,3,7,0,1,2,0,4,0,7,2,2,7,2,4,9,10,4,2,3,1,4,0,0,0,1,3,2,5,0,1,6,1,3,3,3,13,11,1,4,5,5,3,2,10,7,4,2,4,5,2
SIM_CELL_0686,8,4,9,2,3,2,4,2,1,1,3,3,3,1,2,1,5,6,2,5,2,6,0,0,9,8,4,8,6,7,3,9,2,5,4,4,2,3,1,3,5,3,3,5,2,1,2,6,2,6,6,3,5,9,4,5,2,5,7,2,3,2,5,1
SIM_CELL_0687,2,0,18,4,5,5,7,10,2,4,3,5,3,2,3,8,3,1,0,5,3,3,1,1,12,5,1,3,5,4,5,7,2,5,4,1,0,1,1,3,6,2,2,0,2,2,3,5,2,12,5,1,2,7,4,3,1,3,4,3,2,0,0,1
SIM_CELL_0688,12,3,9,2,4,11,5,8,1,1,1,5,2,3,3,1,2,3,0,2,1,1,4,2,8,10,3,6,8,6,4,3,2,0,1,3,2,2,2,3,3,2,0,5,3,1,2,3,2,12,1,5,3,4,2,0,7,3,3,3,1,2,2,2
SIM_CELL_0689,9,3,8,0,4,3,3,6,3,4,4,5,1,4,2,1,1,5,2,8,0,2,0,1,9,5,6,7,4,7,1,6,2,4,2,2,2,2,3,2,0,3,0,1,7,5,1,3,1,3,5,2,1,5,0,7,4,6,2,2,6,3,5,1
SIM_CELL_0690,9,4,14,1,6,8,3,18,3,0,5,3,3,0,3,3,1,3,1,4,4,8,0,3,5,7,2,3,6,4,6,5,0,0,3,1,1,3,2,1,4,4,3,3,3,2,4,6,5,7,5,3,3,6,4,5,4,9,5,1,1,3,5,4
SIM_CELL_0691,8,0,16,3,4,4,1,5,3,3,3,3,1,2,1,3,2,1,3,3,0,1,1,0,3,11,0,10,5,5,3,14,3,0,2,3,3,2,1,1,2,7,0,4,8,0,2,1,1,4,5,4,1,4,4,2,6,6,4,5,1,8,3,4
SIM_CELL_0692,7,4,6,1,12,5,4,9,7,4,4,6,0,2,5,3,4,4,1,7,3,0,2,4,11,8,4,7,5,6,6,7,1,2,3,4,4,2,1,3,5,4,1,8,5,1,0,3,0,10,8,1,5,7,2,4,3,7,10,1,1,5,8,2
SIM_CELL_0693,8,4,5,1,7,2,4,2,2,5,3,2,4,4,2,2,1,1,1,1,2,0,1,3,7,3,0,8,6,6,4,0,1,2,7,1,1,1,1,4,4,3,1,3,4,1,2,2,1,13,3,3,3,7,2,4,4,9,3,7,0,2,4,1
SIM_CELL_0694,14,3,10,7,4,6,5,11,1,1,5,6,3,0,4,2,4,1,1,5,2,1,0,2,5,7,3,5,10,8,2,5,1,2,6,3,2,2,2,1,2,3,1,4,6,2,2,1,0,5,2,1,3,2,3,10,6,6,5,1,5,6,1,3
SIM_CELL_0695,13,5,7,1,4,3,2,7,3,5,1,1,1,3,3,2,3,2,1,6,1,2,1,6,7,4,1,11,9,4,5,8,7,3,4,0,2,0,0,0,6,2,2,4,4,2,1,4,3,7,2,3,3,2,4,6,3,5,3,0,2,4,6,0
SIM_CELL_0696,10,6,10,1,4,1,2,7,5,4,3,3,3,0,3,4,2,2,1,4,1,2,1,1,1,4,5,7,12,7,7,10,4,1,1,2,0,3,3,3,3,5,4,6,5,2,1,3,2,6,6,0,4,1,2,4,2,2,4,6,3,1,2,3
SIM_CELL_0697,2,3,6,1,1,2,7,4,5,6,9,4,3,3,7,4,3,5,0,1,0,2,5,2,5,7,5,7,5,4,2,3,2,0,4,4,2,1,0,3,4,2,0,3,5,0,5,7,1,4,9,3,5,7,4,6,2,10,11,4,2,5,3,2
SIM_CELL_0698,2,1,2,3,3,2,7,1,9,1,10,7,2,5,7,3,2,2,1,5,1,3,2,1,1,5,2,7,9,8,4,8,1,0,3,3,1,1,3,1,2,4,3,0,4,1,4,1,3,6,5,2,5,3,3,2,3,3,4,2,1,3,1,1
SIM_CELL_0699,3,2,5,0,1,5,2,4,10,2,12,9,4,2,8,1,3,1,1,5,4,1,1,1,9,7,3,5,6,8,6,3,3,0,2,2,2,1,0,1,0,4,2,7,4,2,1,3,3,4,5,3,2,4,2,2,1,8,10,3,5,4,5,2
SIM_CELL_0700,3,2,8,2,4,4,3,1,4,1,7,4,2,3,5,1,1,0,1,6,1,2,2,0,4,11,3,4,11,3,4,8,1,0,4,1,3,2,3,2,3,1,3,2,9,0,2,2,4,9,7,2,3,3,1,7,4,2,3,6,6,3,6,1
SIM_CELL_0701,2,2,6,1,3,1,10,4,6,1,7,7,10,4,1,4,3,1,1,1,0,5,4,4,4,6,0,7,6,5,6,6,2,0,2,0,0,2,3,3,6,0,1,2,4,2,2,1,1,3,7,1,3,1,4,4,2,4,7,2,4,3,2,2
SIM_CELL_0702,6,2,5,1,1,2,3,5,1,1,6,6,6,5,6,7,0,4,2,7,0,2,2,4,5,5,2,6,13,3,2,9,4,0,1,3,0,1,3,2,7,6,0,0,4,1,1,2,3,8,6,0,2,3,3,4,4,6,4,4,3,3,1,6
SIM_CELL_0703,7,0,6,1,1,5,6,2,4,1,7,4,4,1,6,9,3,2,0,4,2,4,1,1,3,3,4,9,3,6,4,5,1,1,4,5,1,1,3,2,4,2,3,3,0,3,4,0,0,3,4,0,1,5,6,1,4,2,10,2,4,4,1,4
SIM_CELL_0704,1,4,4,2,4,3,6,3,6,0,7,6,3,1,10,5,2,2,0,3,3,2,0,3,8,8,5,7,7,7,7,3,4,1,4,2,2,2,4,2,3,1,3,4,6,1,1,7,0,7,4,7,4,1,3,3,4,3,5,3,1,3,6,2
SIM_CELL_0705,0,2,4,3,4,5,9,4,5,1,13,5,6,1,6,7,0,4,1,2,2,3,1,1,2,6,0,5,2,11,3,3,5,2,3,2,0,1,0,1,0,3,0,3,4,2,2,1,1,6,7,1,5,1,3,4,5,11,9,2,3,2,1,3
SIM_CELL_0706,6,2,5,1,4,4,6,4,9,1,5,4,3,6,8,2,0,6,2,5,2,1,2,1,4,6,3,5,7,5,4,4,3,1,4,4,0,5,2,1,5,3,2,3,5,3,3,1,5,6,6,4,2,3,4,2,10,8,5,2,3,2,2,2
SIM_CELL_0707,6,2,2,2,4,3,6,0,11,3,10,7,4,5,4,5,3,5,3,0,0,1,1,3,6,5,3,11,9,7,2,9,1,1,7,0,1,1,1,1,3,6,1,8,8,1,3,4,3,6,4,2,2,7,1,3,7,3,2,0,2,6,5,1
SIM_CELL_0708,2,4,5,0,1,4,7,2,5,5,11,9,3,5,12,6,1,2,1,4,0,9,1,1,3,8,4,4,9,4,4,5,0,1,8,2,1,2,3,3,2,4,3,5,3,1,2,1,4,11,6,4,1,4,6,6,3,5,6,4,2,1,6,2
SIM_CELL_0709,1,2,4,2,4,2,2,2,3,5,1,2,6,2,4,4,2,5,3,3,2,5,3,3,3,4,3,7,7,5,7,9,2,1,3,1,2,6,2,3,6,6,2,3,4,2,1,3,1,4,2,4,3,2,3,2,3,9,6,2,1,1,1,4
SIM_CELL_0710,4,5,2,3,4,4,1,8,3,4,2,7,3,1,5,1,3,7,2,7,0,6,3,3,5,7,1,4,4,6,1,4,2,2,2,4,2,4,0,0,3,7,2,1,5,2,3,2,2,9,7,2,2,3,4,2,0,5,9,4,3,4,1,1
SIM_CELL_0711,5,2,6,1,2,3,4,5,3,6,2,4,1,1,3,4,6,3,2,3,2,2,2,0,9,6,4,10,10,8,2,7,2,3,2,2,2,1,2,1,1,1,3,8,7,0,0,5,4,3,4,2,3,5,3,4,3,7,5,4,1,2,4,2
SIM_CELL_0712,3,3,4,6,2,0,2,4,2,1,8,8,2,1,7,5,7,6,3,3,4,5,0,7,8,0,3,6,11,5,2,2,4,2,8,2,1,0,2,1,3,3,0,3,8,1,0,0,3,8,5,4,5,8,2,4,2,6,2,2,5,1,3,5
SIM_CELL_0713,6,6,6,1,1,3,2,5,3,5,4,5,7,2,4,3,4,6,1,7,3,3,4,1,8,5,4,5,8,3,6,10,5,1,1,4,4,0,0,2,1,4,2,7,4,3,2,5,3,9,3,2,1,7,5,4,2,5,7,0,0,4,2,2
SIM_CELL_0714,7,5,1,3,1,3,0,5,3,3,1,6,2,0,7,4,3,4,1,11,4,2,2,5,8,12,3,4,12,5,3,6,2,1,3,0,6,7,3,5,3,3,2,3,3,3,3,2,6,5,5,1,6,3,5,4,0,3,4,0,4,4,4,2
SIM_CELL_0715,2,1,7,0,2,3,2,5,4,3,7,7,3,0,3,1,4,6,2,5,6,2,5,2,2,8,1,4,8,1,6,7,2,2,6,2,1,2,1,1,5,5,0,4,5,4,3,3,2,6,7,3,4,3,5,3,3,5,6,3,2,1,3,1
SIM_CELL_0716,6,3,6,3,0,2,1,7,0,3,2,4,8,3,3,6,4,2,2,3,4,1,3,5,11,1,1,6,5,6,4,10,2,2,3,1,1,3,3,2,5,1,1,5,5,0,2,3,2,6,3,1,5,6,3,2,9,9,7,1,2,1,7,3
SIM_CELL_0717,3,3,4,0,3,1,6,2,2,3,2,3,3,2,3,3,1,7,0,4,1,0,5,3,3,10,0,6,7,5,2,4,4,1,2,3,2,2,0,3,2,2,3,3,5,2,3,2,2,5,5,2,3,6,4,4,5,2,5,2,1,1,3,1
SIM_CELL_0718,2,4,2,3,2,3,0,2,1,2,6,4,3,4,5,1,3,3,2,6,7,7,3,5,4,7,1,4,9,6,2,6,5,0,2,1,1,4,1,3,0,3,1,2,10,6,2,2,0,5,2,8,8,3,2,5,2,3,5,1,5,1,3,4
SIM_CELL_0719,4,2,1,3,3,2,1,6,3,2,6,1,6,1,5,1,4,1,1,3,5,2,2,3,7,7,2,6,6,8,8,9,2,1,5,1,1,3,1,0,0,4,2,4,3,5,1,4,3,8,6,1,3,3,3,3,3,4,4,3,0,2,2,0
SIM_CELL_0720,3,1,4,2,2,4,3,10,4,1,2,7,7,2,6,2,1,5,2,4,0,6,2,3,8,11,1,6,12,4,3,9,3,1,3,3,7,1,1,1,5,3,2,5,1,3,0,5,2,9,2,2,6,5,4,11,0,7,3,2,3,3,6,3
SIM_CELL_0721,12,2,5,1,10,1,8,6,2,1,2,6,2,1,4,4,2,3,4,4,4,4,4,5,11,3,0,13,6,15,0,9,0,4,3,0,2,1,2,2,5,6,2,2,3,4,4,2,0,7,4,1,4,7,3,4,5,3,3,0,1,1,3,4
SIM_CELL_0722,12,3,4,6,13,3,5,8,4,4,0,1,3,4,4,4,1,4,0,0,2,5,2,6,8,6,2,3,16,7,2,2,1,3,1,2,6,2,1,0,3,4,3,5,4,1,1,3,0,6,0,3,6,3,5,4,3,4,9,4,7,3,1,1
SIM_CELL_0723,21,3,2,3,4,0,7,4,2,3,2,3,9,3,8,2,1,2,4,4,2,5,0,5,13,3,3,10,14,2,2,10,1,0,3,0,3,5,2,0,4,0,4,5,9,5,3,4,1,7,2,2,6,5,4,1,0,2,7,1,6,3,1,2
SIM_CELL_0724,25,3,10,1,10,3,5,3,3,1,2,5,5,3,4,4,3,2,0,3,2,3,6,3,9,4,2,9,8,9,6,4,0,2,1,3,6,5,3,0,3,3,1,7,2,0,2,1,0,6,4,1,4,3,3,4,2,5,6,0,3,9,6,2
SIM_CELL_0725,14,1,6,4,3,1,8,13,5,3,2,5,7,3,4,6,2,3,3,4,6,5,4,4,7,5,2,3,11,13,1,3,0,0,0,0,2,2,2,4,4,3,2,4,4,1,3,4,1,5,6,1,1,3,7,7,2,4,8,2,7,3,5,4
SIM_CELL_0726,9,5,3,6,3,1,3,10,1,4,0,8,3,1,4,2,1,8,1,0,5,8,0,1,13,10,0,9,7,5,4,4,2,1,2,3,4,3,0,2,6,10,5,5,6,3,4,6,5,1,2,1,0,6,1,4,1,6,10,5,4,2,3,2
SIM_CELL_0727,21,3,8,4,10,2,5,9,2,2,4,3,3,1,2,1,4,4,2,4,2,8,3,3,11,6,2,8,14,6,0,1,0,0,5,2,4,4,0,0,2,1,2,2,5,1,4,4,3,10,2,2,1,5,0,11,2,4,4,4,5,2,5,0
SIM_CELL_0728,14,3,9,5,7,2,2,3,4,5,5,1,7,8,4,2,3,6,4,3,2,4,1,2,9,8,5,5,9,7,6,6,0,1,1,2,3,3,1,1,5,4,1,5,3,0,2,7,3,9,2,1,1,2,7,3,6,3,9,3,4,0,3,1
SIM_CELL_0729,9,2,6,4,7,1,3,7,2,3,4,6,4,2,6,6,3,1,2,2,7,7,0,4,7,7,3,7,13,14,2,4,2,3,2,3,0,6,1,0,0,4,0,7,3,0,4,3,2,8,1,2,3,7,4,11,5,4,4,1,3,0,5,4
SIM_CELL_0730,15,3,5,2,7,1,2,6,4,5,5,3,10,1,1,3,0,5,1,0,0,3,0,2,10,9,2,10,9,13,2,9,2,1,3,0,3,3,2,3,3,3,2,3,5,1,2,2,3,9,3,3,0,6,0,3,5,3,4,1,3,2,3,3
SIM_CELL_0731,12,2,5,5,4,0,8,10,5,1,1,7,6,5,8,4,2,2,0,1,1,3,1,11,13,2,5,10,7,6,5,3,3,3,6,2,4,5,3,0,5,2,1,2,6,3,3,0,2,6,7,2,1,5,6,2,2,3,7,3,4,3,5,2
SIM_CELL_0732,22,2,4,6,12,3,3,11,2,2,1,6,6,3,2,7,3,5,2,1,3,7,4,2,12,8,5,5,13,5,2,5,2,1,2,2,2,1,1,5,5,4,2,5,6,2,4,7,0,1,5,0,3,7,6,3,2,2,4,0,4,1,2,2
SIM_CELL_0733,4,6,3,2,4,1,4,3,7,7,9,2,8,12,3,2,1,3,6,0,5,3,4,2,8,6,2,7,10,4,2,5,4,3,0,1,0,3,2,1,3,6,5,5,6,1,7,2,4,5,1,1,1,5,2,1,5,4,9,1,3,2,6,4
SIM_CELL_0734,3,3,1,5,1,2,17,1,10,8,5,4,6,7,5,8,2,3,0,0,4,1,2,3,9,6,3,7,10,5,4,1,3,1,1,1,1,1,2,2,4,5,3,3,4,2,2,6,4,12,1,1,1,3,4,5,3,3,5,1,3,2,4,4
SIM_CELL_0735,3,2,1,0,1,2,7,1,9,5,5,8,6,7,6,6,3,6,3,0,5,5,1,3,21,4,4,10,8,3,3,3,0,0,2,1,3,6,2,2,1,7,2,5,2,1,3,4,3,8,4,1,2,5,2,9,2,2,5,1,4,1,2,2
SIM_CELL_0736,3,3,1,0,3,1,11,1,6,3,7,10,5,3,5,8,3,7,2,0,4,6,3,3,10,1,1,4,12,4,3,3,2,1,2,2,2,2,2,0,3,6,1,6,5,5,4,3,4,7,4,1,3,5,5,7,4,4,10,2,5,3,2,2
SIM_CELL_0737,4,1,3,4,1,2,6,2,7,1,8,3,5,4,6,5,0,3,1,2,6,5,3,5,12,3,3,7,13,3,2,11,0,1,2,3,3,2,2,3,6,3,3,4,2,5,7,2,3,3,0,1,2,5,3,6,5,4,7,1,7,1,8,2
SIM_CELL_0738,7,4,2,2,4,2,8,2,8,3,7,7,5,3,14,6,2,1,1,3,3,3,0,3,17,3,3,9,18,4,4,3,1,0,1,2,3,2,2,2,4,7,1,5,5,7,7,2,3,3,4,0,2,6,0,2,3,4,12,4,4,3,0,2
SIM_CELL_0739,8,4,0,2,5,0,13,2,3,1,5,3,13,4,9,9,5,2,2,1,4,7,5,4,6,4,1,8,9,9,8,3,0,0,3,1,5,5,1,0,5,3,1,7,4,1,3,5,4,14,4,3,4,2,2,6,1,5,3,0,2,5,4,0
SIM_CELL_0740,8,2,2,2,4,4,11,0,9,1,6,4,4,1,7,5,2,5,3,1,4,3,3,0,14,2,3,4,10,8,2,4,2,1,1,0,6,4,1,3,1,1,4,2,6,0,1,5,2,9,7,2,9,4,5,3,3,1,6,2,3,4,3,2
SIM_CELL_0741,4,1,3,0,1,3,4,3,5,4,7,2,7,7,4,10,3,9,2,1,2,5,2,2,9,4,6,5,12,8,3,5,0,1,1,1,2,8,2,2,4,3,0,2,5,3,2,2,1,6,2,2,4,6,5,5,1,2,7,3,7,6,3,1
SIM_CELL_0742,4,3,1,3,4,2,7,1,7,2,6,9,3,5,4,5,1,4,1,2,2,7,2,2,10,7,3,4,5,3,3,7,1,1,1,1,7,0,0,0,3,4,1,2,5,2,2,5,3,11,4,0,3,8,1,4,4,4,9,1,7,6,2,4
SIM_CELL_0743,4,1,3,6,5,0,15,4,9,3,7,9,7,7,8,11,1,2,0,5,2,3,5,3,9,13,2,3,12,4,4,2,2,2,3,2,2,4,1,5,4,7,3,4,3,1,7,0,4,6,4,2,3,1,1,2,0,4,8,1,0,3,5,3
SIM_CELL_0744,5,7,3,2,2,0,9,1,6,2,10,3,2,2,9,7,2,1,1,0,4,3,5,2,8,2,5,11,7,5,2,7,0,0,6,2,1,3,1,2,4,2,2,6,6,6,2,3,5,4,0,3,3,7,0,3,2,5,2,2,4,3,2,5
SIM_CELL_0745,4,2,4,1,4,4,4,11,7,2,4,5,6,5,4,3,3,7,3,2,9,8,1,6,10,3,2,6,7,9,4,4,2,1,1,2,1,0,1,2,6,3,1,1,5,5,5,4,3,7,6,3,3,2,0,7,0,3,8,0,5,5,4,2
SIM_CELL_0746,6,1,1,1,5,2,4,8,4,4,2,5,5,1,3,1,4,2,0,0,5,7,5,4,15,6,2,6,5,9,3,5,0,2,1,2,2,0,7,4,2,8,1,1,1,4,4,5,1,6,2,1,2,6,5,5,5,4,5,0,3,3,1,1
SIM_CELL_0747,1,3,2,4,2,2,8,1,4,2,6,1,8,2,6,2,7,2,2,2,12,7,4,6,6,7,0,10,8,3,2,2,1,0,6,2,1,1,1,1,0,4,0,4,2,0,2,5,2,11,3,4,1,2,1,7,4,2,4,3,1,5,3,3
SIM_CELL_0748,1,8,0,2,1,2,3,6,2,6,4,2,8,4,2,3,3,5,5,3,3,4,3,10,10,6,2,3,9,8,1,3,2,1,2,1,4,6,1,1,3,4,2,8,4,2,4,5,5,5,5,1,1,3,2,7,3,1,9,0,7,1,2,1
SIM_CELL_0749,2,2,2,2,1,0,4,5,0,5,8,3,5,1,2,3,3,6,1,1,3,3,4,10,12,1,1,5,12,7,3,4,1,2,1,3,1,5,1,1,3,7,6,2,5,2,2,3,1,10,2,1,3,4,3,6,3,3,4,4,5,4,3,2
SIM_CELL_0750,4,6,4,1,1,0,3,5,3,2,0,8,3,1,5,4,1,5,5,2,3,2,1,2,14,6,4,7,12,10,5,6,0,0,3,2,1,6,4,4,6,1,1,2,4,3,1,4,4,8,2,1,4,5,5,2,5,4,7,2,7,3,2,1
SIM_CELL_0751,6,2,2,2,2,1,2,1,2,1,3,5,4,0,4,1,4,6,4,6,2,6,1,6,6,7,1,6,15,5,3,5,1,0,3,1,3,4,2,1,4,4,6,3,3,2,0,4,2,12,2,3,3,8,5,2,6,3,7,3,1,2,4,1
SIM_CELL_0752,3,8,3,2,2,1,2,4,2,9,4,3,5,1,5,4,3,1,1,1,3,2,8,7,10,3,1,9,14,9,3,3,1,4,1,0,0,3,0,1,3,6,2,6,3,7,2,10,2,5,5,4,1,4,3,5,0,3,9,0,4,2,2,5
SIM_CELL_0753,7,2,4,3,7,5,3,5,9,3,3,6,4,0,7,7,6,2,3,2,5,5,6,5,12,6,3,7,9,6,6,7,2,0,1,4,0,4,0,3,6,5,2,2,2,1,6,8,5,10,1,3,0,7,1,3,5,8,4,2,5,3,3,3
SIM_CELL_0754,7,1,0,2,3,4,2,10,2,1,6,5,8,3,5,2,6,10,2,2,5,7,3,7,14,7,1,9,9,14,3,8,0,1,2,2,2,6,3,0,4,2,2,6,4,1,0,4,6,3,3,0,4,1,2,6,4,3,4,3,4,3,5,3
SIM_CELL_0755,3,6,3,2,4,0,8,3,3,2,3,3,8,3,9,5,1,6,1,5,2,7,4,4,6,6,4,7,9,9,4,7,1,0,4,2,0,2,0,5,5,2,2,1,8,2,6,2,3,11,2,2,8,7,2,3,6,3,4,3,5,2,4,6
SIM_CELL_0756,5,5,3,0,4,4,4,3,4,4,4,5,6,3,4,3,8,4,5,3,5,10,3,5,7,4,3,9,11,9,4,5,2,0,2,1,5,2,0,3,3,0,4,5,1,3,5,1,0,2,4,5,0,6,6,8,0,5,7,2,6,5,4,4
SIM_CELL_0757,11,1,7,2,8,2,5,9,1,1,1,4,0,6,4,9,3,5,5,3,1,6,1,3,5,7,2,3,7,13,4,2,2,3,3,2,1,3,1,2,1,5,2,6,6,3,6,5,3,10,3,3,3,5,5,3,6,2,7,1,6,0,0,8
SIM_CELL_0758,7,1,3,1,6,2,3,6,4,1,2,3,4,1,6,6,3,2,2,2,2,5,0,2,3,8,1,13,14,14,0,3,1,2,2,1,3,3,9,1,3,3,1,8,2,1,5,1,4,3,9,3,1,6,1,3,6,2,6,3,6,2,6,3
SIM_CELL_0759,10,3,5,1,8,6,7,12,4,1,2,8,3,3,0,5,3,10,0,3,2,4,3,2,7,11,2,11,3,11,8,9,2,1,3,1,0,3,2,3,4,7,2,3,6,3,3,6,1,6,2,4,5,6,2,2,9,3,7,2,4,7,5,1
SIM_CELL_0760,8,4,5,1,5,3,8,15,1,4,7,2,2,1,3,7,0,2,1,1,2,4,2,1,6,3,3,7,11,12,2,13,6,3,3,0,2,0,3,3,2,5,0,2,5,4,9,5,1,8,2,3,1,1,10,2,4,2,8,2,2,11,5,0
SIM_CELL_0761,15,5,5,4,7,3,7,10,6,2,5,4,5,2,2,7,5,7,1,2,4,6,3,3,8,4,3,9,6,7,2,4,2,2,6,1,1,4,1,1,5,6,2,6,4,3,4,5,2,7,3,3,0,2,2,3,3,1,5,4,7,6,2,6
SIM_CELL_0762,5,2,3,4,4,5,4,14,0,5,0,3,3,3,2,4,1,4,2,1,2,6,2,2,4,6,6,3,10,17,5,5,3,4,5,0,2,1,5,2,4,4,1,2,5,8,6,4,2,13,4,2,3,5,6,4,6,2,5,0,3,4,4,2
SIM_CELL_0763,4,3,3,1,10,0,3,6,2,3,3,4,4,0,4,2,1,3,0,1,1,3,3,2,7,1,4,5,11,11,1,8,2,1,1,1,3,2,5,1,2,6,0,5,4,3,5,6,3,8,7,4,0,6,3,2,3,6,3,2,2,4,5,4
SIM_CELL_0764,6,4,3,5,9,1,5,9,2,3,3,1,4,2,6,11,0,1,0,0,2,5,2,2,5,4,2,9,8,12,4,6,2,1,2,1,3,1,5,2,4,4,3,2,3,2,8,3,2,6,5,1,4,4,3,4,1,6,4,5,3,3,4,5
SIM_CELL_0765,8,1,8,1,8,1,6,17,1,4,3,1,2,4,1,9,4,3,1,1,1,2,2,1,6,3,2,6,4,8,7,3,1,4,1,3,2,1,3,3,1,9,3,3,3,3,4,5,2,1,4,3,4,6,6,1,4,4,4,4,3,5,4,3
SIM_CELL_0766,11,3,5,0,7,3,6,19,1,3,1,4,2,1,4,7,3,8,2,3,1,1,1,3,3,7,4,12,7,12,5,7,1,1,2,2,0,5,1,3,4,1,1,1,8,2,2,8,2,7,5,2,2,3,4,0,4,6,8,2,7,3,6,5
SIM_CELL_0767,7,3,9,1,8,3,5,9,1,6,3,3,5,3,3,3,3,3,1,0,1,7,5,2,5,6,5,10,8,10,1,1,2,2,3,0,3,3,1,3,1,5,0,1,3,2,7,11,4,9,4,1,1,7,2,5,6,5,4,2,3,5,2,5
SIM_CELL_0768,9,4,7,2,7,1,4,17,3,5,3,7,5,2,2,4,2,2,4,0,2,6,3,6,6,3,3,6,6,4,8,7,2,0,1,2,5,1,2,5,2,6,2,3,4,3,2,7,0,10,3,3,3,2,4,4,1,5,7,3,4,2,10,5
SIM_CELL_0769,3,0,2,3,5,1,13,3,10,2,9,5,8,5,3,8,2,5,0,1,3,4,5,2,8,5,1,3,10,15,2,4,4,3,5,1,0,4,0,2,2,8,0,1,5,0,7,6,3,7,1,1,1,4,7,3,10,5,6,6,6,3,10,1
SIM_CELL_0770,4,1,3,0,3,4,7,3,5,1,7,9,5,2,0,8,3,3,1,2,2,5,3,5,4,13,1,4,12,7,5,6,2,0,2,0,1,1,4,2,2,4,3,7,4,0,6,4,2,3,3,1,3,3,5,4,4,6,3,1,2,2,4,3
SIM_CELL_0771,2,3,0,4,1,3,7,0,4,5,5,3,11,4,6,9,3,5,4,1,3,3,3,4,8,5,1,6,6,10,3,11,2,0,2,0,2,0,1,0,1,4,1,3,5,2,3,3,4,8,0,2,2,5,3,1,4,4,2,3,4,4,6,1
SIM_CELL_0772,3,5,1,1,5,4,14,3,7,4,3,4,1,6,1,10,1,4,5,3,0,2,1,3,7,10,3,9,13,6,1,3,2,0,1,2,1,1,2,1,2,2,2,3,2,3,7,8,2,11,0,1,1,3,5,3,2,2,7,1,2,4,5,3
SIM_CELL_0773,5,7,6,3,4,0,9,5,7,2,6,6,3,4,7,10,2,5,3,2,2,4,2,4,6,5,5,6,10,14,5,7,0,1,4,1,2,1,4,4,3,3,0,7,5,4,4,8,3,8,6,2,5,8,4,2,5,5,8,0,4,7,3,1
SIM_CELL_0774,4,2,4,1,2,0,3,8,10,0,3,2,6,5,9,4,1,1,2,1,2,6,2,4,7,6,5,10,7,19,1,7,4,5,4,2,2,2,3,6,4,6,1,4,8,2,3,3,4,6,5,0,4,4,1,1,8,4,5,2,3,5,7,3
SIM_CELL_0775,2,4,4,6,4,3,10,5,4,1,5,5,2,4,9,9,0,9,0,1,4,1,4,1,5,8,5,8,8,4,3,12,1,1,5,2,0,5,2,2,2,4,0,2,3,1,3,2,3,12,4,3,5,4,2,2,9,3,6,0,1,3,2,2
SIM_CELL_0776,1,3,2,0,7,0,6,0,5,4,4,8,5,5,6,7,3,0,1,1,0,6,3,5,14,4,4,15,6,11,0,8,3,1,4,3,3,1,1,1,4,3,1,3,1,1,6,5,5,13,5,1,3,7,6,5,3,4,4,4,3,4,7,1
SIM_CELL_0777,3,2,6,1,4,2,9,5,5,7,6,4,1,6,7,9,3,4,1,0,1,3,0,2,2,9,1,7,13,10,7,5,1,2,1,2,1,2,3,4,1,4,5,3,7,3,0,0,3,3,0,2,6,3,2,5,1,4,4,3,6,5,9,3
SIM_CELL_0778,1,1,3,1,3,2,8,6,9,7,8,2,3,6,4,8,2,5,1,2,0,6,1,1,11,4,3,12,9,8,2,11,4,2,5,3,2,2,2,3,3,3,0,1,2,5,1,3,5,8,4,1,2,2,2,1,5,3,4,5,4,6,5,3
SIM_CELL_0779,7,1,2,1,1,3,4,4,13,4,7,6,2,6,3,8,4,2,0,1,1,4,2,0,4,2,3,7,9,10,5,6,5,3,2,0,3,2,3,4,3,9,1,3,7,2,4,4,0,6,1,3,0,1,6,2,7,2,4,2,4,2,5,2
SIM_CELL_0780,4,0,2,8,6,1,6,4,14,0,3,11,6,8,5,13,2,1,2,2,2,8,1,2,9,8,7,10,6,8,4,6,3,2,3,1,2,3,0,2,2,2,1,6,7,5,4,6,3,6,4,4,4,2,6,1,0,7,6,1,9,3,7,2
SIM_CELL_0781,3,3,3,2,3,4,2,6,4,6,4,6,4,3,4,3,5,2,4,1,5,8,1,3,2,5,3,5,9,13,5,8,3,1,2,1,1,3,1,2,3,1,2,3,3,3,4,7,1,6,2,2,0,1,0,2,6,3,7,2,4,3,6,3
SIM_CELL_0782,4,4,4,0,1,3,3,6,2,5,3,4,4,0,2,4,3,8,3,2,2,8,7,5,13,7,2,8,9,20,4,5,2,2,4,1,3,2,1,2,5,5,0,2,4,1,6,5,1,9,5,2,7,5,4,3,1,1,3,3,5,2,5,3
SIM_CELL_0783,1,3,1,1,3,2,5,6,4,1,3,4,1,2,2,4,3,6,2,2,1,10,3,5,5,6,3,8,11,15,4,4,0,1,1,1,3,1,3,2,4,5,0,0,3,2,6,10,2,8,6,2,2,5,1,3,4,3,5,4,3,1,4,2
SIM_CELL_0784,3,2,2,1,5,0,5,8,3,1,3,5,5,1,2,3,6,4,4,4,3,10,5,2,11,4,5,8,9,9,4,6,2,2,2,0,1,1,0,3,0,3,0,1,1,1,5,8,2,5,5,5,2,2,4,4,1,1,6,3,9,2,4,1
SIM_CELL_0785,2,1,0,1,1,1,4,10,5,2,1,6,4,2,5,3,3,2,4,4,4,3,3,2,6,3,5,10,6,14,6,3,0,0,1,2,2,2,1,3,3,0,0,6,5,0,5,4,2,11,2,1,2,3,6,4,6,1,10,3,12,4,5,1
SIM_CELL_0786,4,4,6,1,3,3,4,5,5,3,1,1,6,2,2,6,0,3,3,5,2,3,5,3,9,3,5,7,10,12,1,6,1,3,0,1,3,1,3,3,0,8,1,2,3,1,5,5,1,8,1,3,6,3,2,5,3,5,14,4,6,2,4,0
SIM_CELL_0787,2,3,1,2,5,3,1,6,2,4,2,2,6,3,8,10,3,8,2,2,3,4,6,8,7,9,5,6,17,11,4,10,2,1,1,1,1,3,3,1,4,2,0,1,5,6,4,5,1,6,2,3,2,4,7,1,7,5,12,0,9,2,8,1
SIM_CELL_0788,2,7,2,1,1,1,1,5,5,3,1,2,0,6,4,9,3,8,5,3,3,4,5,4,7,3,5,3,6,18,8,4,0,3,2,2,1,3,1,3,5,1,2,7,3,3,4,6,1,2,3,1,3,6,4,4,2,6,3,2,6,2,6,3
SIM_CELL_0789,3,4,4,1,2,3,0,9,3,4,3,5,3,0,3,8,2,2,3,2,4,7,3,2,6,10,4,5,11,9,3,9,2,0,3,1,2,2,0,3,4,8,2,2,2,2,10,7,2,3,2,1,6,6,3,6,1,5,6,1,3,6,3,1
SIM_CELL_0790,2,1,3,0,3,1,1,4,4,5,5,6,1,3,7,2,5,4,1,2,3,3,1,4,4,4,1,9,6,9,4,7,3,0,1,0,5,0,1,8,2,6,2,5,3,0,5,5,4,3,4,2,0,9,4,5,3,3,1,1,5,2,4,2
SIM_CELL_0791,3,5,4,3,2,1,1,4,5,2,3,1,8,3,4,4,8,5,2,4,4,3,3,2,4,2,3,4,3,9,4,12,4,2,1,1,2,1,1,2,3,1,3,3,2,3,3,4,4,14,3,2,0,4,6,4,3,3,2,2,2,1,3,3
SIM_CELL_0792,6,2,7,2,3,3,4,6,1,0,3,4,7,3,9,4,2,3,5,5,2,5,6,7,12,8,3,13,4,8,4,2,1,0,4,1,2,3,0,3,4,2,0,5,5,3,5,8,0,4,4,0,2,6,2,7,4,1,7,1,7,6,8,1
SIM_CELL_0793,7,3,6,1,5,4,3,8,3,4,2,4,3,4,2,2,1,1,1,3,1,3,2,4,4,8,0,5,5,5,0,8,0,0,1,1,1,3,4,3,1,2,3,4,8,6,4,8,3,6,2,1,1,8,3,2,1,3,8,4,5,3,6,1
SIM_CELL_0794,9,6,14,1,8,3,7,8,3,3,2,9,1,6,5,2,2,4,0,0,2,3,1,3,10,5,2,6,10,6,2,7,0,1,4,1,3,1,3,3,6,5,3,7,6,7,7,1,1,2,3,0,1,5,4,4,2,5,5,2,2,2,3,5
SIM_CELL_0795,10,3,11,2,8,1,1,6,4,5,2,6,3,2,1,4,2,2,4,5,2,5,1,4,7,6,2,1,9,4,2,4,0,1,1,1,1,2,6,0,3,5,3,2,3,3,7,1,2,6,4,2,2,3,3,6,3,2,6,0,2,7,9,0
SIM_CELL_0796,4,5,12,1,9,4,5,10,4,2,6,5,3,2,5,6,2,1,5,1,3,0,1,4,4,10,3,3,2,8,3,3,1,2,0,0,4,3,3,0,2,4,0,3,3,2,7,0,2,8,4,3,4,2,4,10,2,8,4,0,4,2,5,0
SIM_CELL_0797,8,7,9,0,4,2,3,8,1,2,0,6,2,2,7,2,2,0,2,3,2,5,5,3,11,1,3,7,11,9,2,10,1,1,4,2,3,7,2,3,2,5,0,1,4,3,5,5,2,7,5,0,1,8,2,3,1,5,5,3,1,4,9,4
SIM_CELL_0798,8,7,13,3,5,2,3,9,2,0,0,7,2,4,7,5,1,2,2,2,1,4,2,5,10,3,1,3,8,8,5,7,2,2,1,1,2,2,5,3,6,4,1,5,2,1,4,4,2,6,2,0,4,7,4,8,1,3,3,4,2,1,3,1
SIM_CELL_0799,9,8,8,4,2,2,4,6,2,4,4,5,3,5,3,5,2,4,5,5,1,3,2,2,5,12,5,11,5,7,3,4,6,1,6,0,1,1,3,1,4,3,4,0,5,0,3,2,1,5,5,0,5,5,6,4,2,3,4,4,2,5,3,2
SIM_CELL_0800,10,3,7,1,6,5,7,5,5,7,7,3,2,1,2,5,1,3,0,5,1,4,3,5,7,2,2,5,9,6,2,3,2,2,4,1,3,2,2,4,3,3,2,2,8,3,6,0,2,5,1,1,6,8,8,6,3,3,2,2,5,4,5,2
SIM_CELL_0801,7,7,8,3,9,0,4,7,0,6,2,9,5,1,5,4,2,0,4,3,1,3,3,1,13,6,4,7,4,1,5,8,3,2,8,1,1,1,4,2,2,3,1,2,5,0,7,7,2,1,3,2,5,5,6,4,0,2,0,0,3,0,4,3
SIM_CELL_0802,10,1,16,4,8,3,6,13,3,2,1,1,3,5,2,1,2,2,2,3,1,2,2,6,7,8,3,6,5,6,0,4,5,1,6,1,2,5,3,3,2,7,1,3,3,3,7,3,3,5,0,1,2,6,6,3,2,4,2,1,6,2,6,2
SIM_CELL_0803,13,5,8,3,9,3,8,6,4,1,1,4,0,2,7,10,3,0,4,3,2,5,2,3,10,4,6,7,5,3,3,6,1,2,0,1,3,3,3,2,2,8,2,5,7,4,10,5,4,4,3,0,4,3,11,3,2,1,3,2,7,0,3,3
SIM_CELL_0804,11,7,12,1,8,2,4,4,4,3,3,8,6,4,5,0,1,7,3,1,3,1,2,2,9,7,5,6,9,6,4,12,3,2,0,0,3,2,3,4,2,5,3,2,5,4,5,3,2,9,4,0,2,4,5,5,0,3,7,4,5,2,4,0
SIM_CELL_0805,1,7,1,5,3,2,5,3,8,1,7,5,4,4,5,3,0,2,5,2,0,1,0,3,9,5,3,4,8,4,7,3,2,1,3,4,2,3,5,1,3,4,4,1,5,4,6,3,1,6,4,1,3,8,3,4,4,3,6,1,5,3,2,0
SIM_CELL_0806,4,6,3,2,1,4,2,2,7,5,9,4,4,7,3,5,1,2,3,3,0,3,2,3,6,4,2,2,5,4,7,4,2,0,7,0,2,4,0,2,2,9,2,1,8,2,4,2,2,5,2,2,3,5,6,3,1,5,8,2,6,4,2,3
SIM_CELL_0807,6,5,4,1,3,1,9,2,5,2,11,4,3,9,1,10,3,0,0,4,3,3,4,3,11,0,4,4,5,4,2,3,3,0,4,2,6,4,2,5,2,7,1,4,7,1,8,4,1,6,1,5,4,3,2,4,1,0,5,4,5,4,2,1
SIM_CELL_0808,1,2,4,2,3,1,4,2,6,2,5,6,4,3,5,3,2,3,1,1,3,2,1,2,11,3,6,5,5,5,5,5,3,1,4,3,3,0,3,4,5,2,0,1,8,2,4,5,4,8,6,1,2,4,7,7,0,4,2,1,5,3,5,1
SIM_CELL_0809,6,5,7,1,4,4,10,1,7,5,5,5,2,2,7,6,4,1,2,1,0,2,3,5,10,3,2,5,11,8,8,7,1,0,2,1,0,3,0,1,3,5,2,3,6,1,7,4,1,7,0,0,1,5,4,8,0,4,4,4,3,4,6,1
SIM_CELL_0810,2,4,4,3,5,1,3,2,9,1,6,8,4,5,4,4,0,1,0,3,2,4,0,1,9,4,1,5,10,5,5,5,3,0,3,2,1,3,5,2,4,5,1,0,5,5,6,5,0,6,5,1,4,8,5,4,0,2,7,2,4,6,1,3
SIM_CELL_0811,1,4,4,0,7,2,8,2,4,0,11,3,2,2,5,9,0,4,1,5,1,2,3,7,6,2,0,5,12,2,6,6,2,1,4,1,3,2,3,1,1,5,4,4,5,2,7,1,2,4,5,3,2,3,6,6,1,3,8,1,1,2,5,1
SIM_CELL_0812,1,1,2,1,5,1,8,0,7,2,12,2,4,9,5,8,1,2,3,6,3,2,1,1,6,12,5,4,14,4,6,5,3,1,4,0,1,0,2,2,4,6,3,3,5,1,4,4,0,4,2,2,1,5,9,8,1,5,5,4,2,2,4,2
SIM_CELL_0813,2,3,2,1,8,4,9,2,9,6,8,6,4,1,4,5,0,0,3,2,3,1,1,3,9,4,1,5,8,3,4,9,2,3,4,0,0,1,3,6,2,5,4,3,6,5,3,3,4,8,2,0,6,6,5,7,1,6,5,4,2,1,2,3
SIM_CELL_0814,5,2,3,0,6,3,4,7,6,2,8,4,3,4,3,5,4,4,2,5,3,3,8,4,5,5,0,13,14,3,4,5,5,2,3,4,1,4,4,2,2,4,3,0,5,2,4,1,2,4,4,1,2,5,3,4,3,8,3,3,3,2,2,1
SIM_CELL_0815,2,4,4,2,4,4,10,2,8,4,4,5,1,4,5,7,5,6,4,6,1,1,2,2,10,5,2,7,8,4,4,7,3,2,3,0,3,0,1,3,2,3,2,0,6,5,4,7,6,6,10,1,3,2,8,9,6,1,6,0,3,3,3,2
SIM_CELL_0816,1,9,7,2,3,1,6,3,4,5,5,5,8,6,3,3,3,2,6,5,0,0,0,3,9,4,3,6,7,4,5,7,2,1,2,1,1,2,2,1,3,3,2,4,2,1,4,4,2,5,4,2,2,7,4,1,1,7,4,3,11,3,2,1
SIM_CELL_0817,5,2,1,1,3,2,4,2,2,5,4,2,2,0,2,2,3,4,5,6,1,3,0,8,7,4,4,10,7,1,3,7,3,1,9,5,2,2,0,2,1,6,2,2,6,5,7,6,3,5,4,3,2,2,1,6,2,12,4,3,2,5,3,1
SIM_CELL_0818,3,3,3,1,1,1,1,7,4,2,7,3,4,1,2,2,0,0,9,6,1,1,2,5,5,9,4,0,2,5,2,4,3,1,5,1,2,3,2,1,1,2,2,1,9,1,8,2,2,5,0,1,4,4,3,5,3,3,3,2,2,3,5,1
SIM_CELL_0819,0,5,4,3,3,1,1,3,2,0,0,8,4,0,3,3,2,3,6,6,3,7,3,6,13,3,3,6,9,7,2,5,1,0,5,1,3,4,1,1,6,7,4,5,12,4,8,1,5,4,4,0,6,3,5,4,2,5,2,2,1,6,5,3
SIM_CELL_0820,3,4,4,3,3,3,2,5,0,5,3,5,4,0,8,1,1,1,2,2,2,6,4,3,8,5,6,3,9,9,0,2,1,1,9,1,2,0,1,5,2,1,3,2,3,6,4,3,0,2,3,2,3,6,1,1,3,1,4,3,4,1,2,3
SIM_CELL_0821,2,3,3,4,2,1,3,4,5,7,1,2,4,4,5,1,3,9,6,3,0,9,8,8,3,9,5,8,3,5,3,7,0,0,5,2,4,1,1,1,1,2,1,7,2,1,2,6,6,5,4,1,0,5,7,3,1,5,5,3,4,1,3,3
SIM_CELL_0822,4,5,2,1,3,0,2,6,3,2,3,3,6,0,3,5,2,1,8,5,1,3,3,10,12,5,8,1,10,5,3,4,1,2,3,0,2,4,3,2,4,3,2,3,3,3,4,4,2,3,3,1,3,4,4,3,2,2,4,6,4,3,4,5
SIM_CELL_0823,3,5,2,3,5,0,2,1,1,5,6,5,5,1,6,3,4,2,3,1,5,3,3,4,5,7,5,8,7,6,1,3,3,3,3,1,5,1,5,2,4,2,5,3,3,2,5,1,3,7,1,1,4,2,2,4,2,3,4,1,5,1,5,3
SIM_CELL_0824,0,5,7,0,1,4,1,4,4,2,2,4,4,1,5,7,2,0,8,4,3,5,5,5,4,4,5,8,8,7,5,3,3,1,5,1,0,7,2,3,4,4,0,3,5,1,3,1,3,6,2,1,2,4,3,4,3,1,7,4,4,3,3,0
SIM_CELL_0825,3,8,5,1,3,1,4,3,3,5,7,3,4,2,2,5,3,4,3,1,3,6,3,7,6,5,7,10,5,9,3,2,0,1,2,7,2,1,3,6,2,6,7,5,7,1,2,1,1,10,4,0,2,5,1,6,2,4,5,1,2,2,5,3
SIM_CELL_0826,3,5,0,2,3,2,3,2,2,3,4,5,3,2,6,2,0,4,3,3,2,3,2,4,9,2,2,4,6,7,7,6,3,1,5,0,0,3,3,1,3,3,4,3,3,1,6,3,1,8,3,1,1,1,3,9,3,2,3,1,4,1,5,2
SIM_CELL_0827,6,5,3,4,5,3,3,2,3,5,4,2,3,2,1,2,4,6,7,3,4,3,2,5,8,7,3,7,10,6,5,8,4,1,5,0,0,0,7,1,3,4,4,4,4,0,3,2,0,4,8,3,5,3,1,4,1,2,4,2,3,6,3,2
SIM_CELL_0828,2,6,6,2,6,0,8,3,3,4,2,4,4,1,3,4,5,5,2,3,3,4,4,5,9,6,2,5,5,8,2,14,1,2,7,3,1,1,3,4,3,5,1,7,5,3,3,8,2,4,2,2,4,7,3,3,0,4,3,4,4,0,2,4
SIM_CELL_0829,8,0,11,5,13,1,7,6,1,1,5,5,2,6,2,1,1,2,3,1,8,6,1,2,5,6,3,6,10,7,7,7,4,4,4,1,1,4,7,3,7,9,2,1,4,0,1,1,4,9,1,5,6,0,1,6,3,7,4,5,5,1,5,4
SIM_CELL_0830,4,3,6,4,8,1,4,11,2,4,1,2,2,0,4,3,1,4,1,0,4,4,5,3,14,5,8,2,9,5,5,5,0,1,5,0,2,0,5,8,2,4,2,1,7,1,2,4,2,5,1,3,2,3,1,3,1,5,5,4,3,3,2,3
SIM_CELL_0831,8,8,8,4,12,4,4,8,2,4,6,1,7,3,4,0,3,4,1,0,2,3,0,4,10,1,1,5,3,10,5,11,0,2,4,1,1,3,2,2,3,3,3,2,10,1,7,1,2,9,4,3,7,4,1,6,1,7,11,2,4,1,6,3
SIM_CELL_0832,10,5,15,1,8,3,1,7,0,6,2,10,4,2,3,3,4,1,2,1,5,6,1,8,10,5,6,6,7,3,7,9,1,1,3,3,6,2,1,4,0,4,8,2,4,1,2,6,4,5,4,2,6,5,2,6,3,4,10,4,0,4,6,2
SIM_CELL_0833,12,6,7,3,5,3,10,3,4,1,2,1,1,3,7,3,1,2,1,0,5,3,4,3,8,4,1,2,8,8,6,8,1,5,2,3,2,3,1,4,4,2,4,2,1,3,3,2,3,6,5,1,5,3,4,5,6,7,7,3,3,5,1,0
SIM_CELL_0834,8,3,9,3,5,1,3,10,4,3,2,4,2,2,1,4,3,1,5,3,1,3,3,1,5,3,2,4,8,8,2,10,1,4,3,0,2,3,3,5,0,7,4,5,4,0,5,4,1,5,4,3,3,4,1,11,7,4,4,6,1,7,6,1
SIM_CELL_0835,4,3,13,5,6,6,3,5,2,4,4,2,2,2,2,4,1,5,2,1,10,1,4,2,7,7,5,7,8,3,9,4,0,0,6,3,2,2,2,2,3,0,2,0,8,0,2,2,1,4,3,1,3,4,5,4,5,4,11,7,2,3,5,3
SIM_CELL_0836,9,8,14,4,10,2,4,8,3,4,5,8,4,3,3,1,2,2,1,1,3,6,4,2,4,6,6,10,9,10,2,11,3,2,2,2,0,0,0,5,2,5,3,3,6,2,2,1,6,5,2,0,1,5,4,8,2,6,4,3,3,2,6,2
SIM_CELL_0837,7,4,8,3,7,5,4,8,2,7,0,4,2,3,5,5,0,1,2,0,1,5,0,2,5,3,1,5,12,7,2,8,2,0,1,0,1,4,0,3,2,2,4,1,2,2,3,4,1,7,8,2,2,4,5,6,4,7,5,2,3,4,4,2
SIM_CELL_0838,7,5,11,5,7,2,2,8,3,2,1,6,1,3,2,6,0,2,0,0,1,3,3,3,7,5,9,3,12,8,4,9,4,1,2,0,0,2,2,4,4,3,5,2,7,2,2,2,3,5,7,3,1,2,1,6,5,8,9,3,2,4,4,4
SIM_CELL_0839,3,3,10,3,8,3,7,4,2,3,0,4,1,0,2,1,1,4,1,1,2,1,1,8,10,5,6,6,2,0,7,3,1,6,3,0,2,4,0,3,1,5,1,0,4,1,5,1,1,9,7,4,1,0,5,8,4,8,7,3,3,1,4,2
SIM_CELL_0840,5,2,5,2,7,2,4,8,3,1,2,4,1,3,2,0,3,3,1,2,3,3,1,4,6,6,7,6,12,2,7,9,1,1,3,0,4,3,1,0,1,4,2,2,5,2,3,0,3,9,3,4,2,6,3,5,5,4,4,3,3,2,3,2
SIM_CELL_0841,5,6,6,4,3,2,3,3,4,4,5,2,1,5,1,1,1,1,3,2,5,2,3,2,6,2,5,5,16,7,4,14,0,3,2,3,3,1,1,2,2,5,2,2,6,2,6,5,5,5,5,2,5,5,1,5,3,16,6,6,2,3,6,0
SIM_CELL_0842,1,4,0,1,3,1,6,8,5,6,6,2,6,6,1,5,1,3,1,2,3,4,1,3,3,3,8,9,5,7,8,9,0,1,4,0,1,4,3,3,2,10,1,0,4,2,5,1,3,12,2,2,3,5,2,4,1,5,10,4,3,1,8,0
SIM_CELL_0843,1,1,6,3,11,2,6,1,6,7,6,7,6,7,4,4,0,3,2,3,1,4,0,4,14,2,1,5,5,7,8,16,0,3,0,1,0,2,2,2,2,2,2,3,4,0,6,4,4,8,5,3,1,6,2,6,1,2,16,1,1,1,5,1
SIM_CELL_0844,1,1,3,3,3,0,5,5,7,3,8,2,8,3,6,8,1,3,3,0,3,4,3,7,4,7,4,0,10,7,5,11,2,0,6,0,0,5,4,5,3,3,3,3,3,3,4,3,1,6,8,2,3,6,2,10,1,10,2,5,3,1,2,4
SIM_CELL_0845,3,2,4,1,3,3,5,3,6,1,7,4,5,5,5,11,1,4,1,2,4,8,0,2,6,5,3,6,8,5,7,8,4,5,4,1,0,1,3,3,2,5,2,0,5,0,0,4,3,7,7,3,0,0,2,9,4,6,8,4,3,4,7,2
SIM_CELL_0846,5,5,3,1,2,0,11,6,7,2,13,3,8,6,5,6,1,3,3,2,3,2,3,1,8,2,4,2,14,3,6,9,1,0,4,0,3,2,0,7,8,4,3,3,2,0,7,5,5,15,4,2,7,6,1,2,8,5,3,3,3,4,2,6
SIM_CELL_0847,3,4,5,5,1,3,15,0,4,5,10,3,8,5,3,5,1,2,4,0,4,1,2,7,6,5,6,4,4,5,9,9,1,4,3,2,2,4,2,2,4,7,0,1,7,2,3,2,1,10,6,0,7,1,4,7,7,4,4,7,3,2,3,2
SIM_CELL_0848,3,4,3,1,3,2,6,3,7,5,11,4,4,3,6,4,0,2,2,0,0,1,2,7,7,3,3,7,11,8,6,8,1,2,4,1,0,3,0,3,4,2,0,2,3,3,3,5,1,4,6,2,3,1,3,4,9,4,7,4,2,0,2,2
SIM_CELL_0849,4,1,3,2,4,4,1,3,13,1,16,4,5,5,6,4,3,1,4,3,0,4,3,3,9,9,5,3,7,4,4,4,3,1,3,1,0,5,1,4,3,0,3,3,7,1,8,1,2,6,3,2,0,3,6,3,3,8,3,6,2,4,4,1
SIM_CELL_0850,2,9,3,4,1,3,9,3,11,5,5,8,0,5,3,5,3,3,1,1,1,2,3,2,16,5,4,8,9,7,5,8,2,2,1,0,0,5,1,0,5,6,3,2,7,2,4,2,4,9,3,2,2,3,1,4,1,4,7,4,1,4,6,3
SIM_CELL_0851,3,6,3,6,2,2,9,1,4,4,7,5,7,1,5,6,2,1,2,2,3,3,0,2,5,6,0,7,10,3,6,10,4,1,1,1,5,2,4,6,5,2,2,3,5,3,2,2,3,4,3,1,3,1,4,3,1,9,2,4,3,2,6,1
SIM_CELL_0852,1,2,6,5,4,1,9,0,3,3,12,3,9,5,2,10,2,2,1,2,2,5,3,3,14,6,3,2,9,6,5,12,2,0,1,5,1,2,0,1,3,8,2,1,2,1,3,4,1,6,7,1,6,2,3,10,4,3,4,4,1,3,4,2
SIM_CELL_0853,5,6,4,2,2,3,2,5,3,5,2,4,10,1,4,1,5,3,2,0,6,7,3,10,10,1,3,5,9,3,5,19,2,0,4,2,2,3,4,2,6,1,0,1,4,1,4,4,3,3,3,0,5,3,1,5,6,6,12,0,1,1,3,1
SIM_CELL_0854,1,4,6,2,3,2,5,6,5,2,1,6,2,5,4,3,2,3,3,2,4,6,3,9,6,2,3,6,12,7,6,12,1,0,5,1,5,2,4,2,3,8,5,1,4,2,4,3,1,9,3,2,4,4,4,4,4,7,2,9,2,3,3,2
SIM_CELL_0855,1,4,7,4,2,4,4,10,2,3,6,7,2,0,5,2,3,3,3,2,5,3,4,6,9,4,4,5,11,12,2,10,0,0,2,3,4,2,1,2,0,3,2,2,5,0,3,2,1,11,6,0,6,2,5,6,4,4,9,2,1,6,6,4
SIM_CELL_0856,8,4,1,4,2,4,2,1,3,4,2,3,5,4,2,2,4,2,1,4,5,3,4,7,4,5,5,8,8,6,2,11,0,0,2,3,1,2,4,2,1,5,0,2,7,2,4,3,2,12,5,3,12,3,2,4,2,7,7,4,3,3,4,6
SIM_CELL_0857,1,1,3,2,3,1,5,6,2,9,4,4,6,2,3,2,4,4,4,2,3,6,3,9,7,4,4,9,10,9,8,10,1,4,1,4,2,4,1,2,3,4,2,1,3,0,4,4,1,13,5,4,3,2,4,7,7,15,10,5,6,3,5,0
SIM_CELL_0858,4,9,3,4,6,8,3,6,1,6,3,1,5,0,5,1,4,2,2,1,3,5,4,6,13,3,4,5,6,4,3,9,2,1,4,3,0,4,1,2,7,4,1,4,0,0,4,1,4,3,5,1,3,2,4,10,3,4,6,1,2,2,3,2
SIM_CELL_0859,3,1,2,4,2,1,1,7,2,3,3,5,3,3,4,0,3,4,2,3,8,9,3,10,7,2,6,6,9,5,7,3,0,0,6,3,4,1,0,4,4,5,2,1,2,1,3,2,1,6,9,4,1,4,3,3,2,5,7,2,4,1,5,1
SIM_CELL_0860,1,4,4,3,6,0,3,8,1,1,1,4,1,3,5,0,1,1,8,1,3,4,2,7,5,7,5,3,5,6,9,6,2,1,0,2,3,5,2,4,5,7,2,4,4,0,7,0,1,12,7,0,2,6,4,5,6,5,8,2,1,6,8,1
SIM_CELL_0861,2,6,2,2,3,2,6,4,4,0,3,3,2,2,2,0,2,2,3,3,5,5,3,11,6,4,2,3,8,6,4,5,0,5,9,2,3,1,0,2,3,8,2,1,4,1,4,3,3,11,8,2,3,4,4,10,2,5,10,8,0,6,2,5
SIM_CELL_0862,3,9,6,1,4,0,4,7,3,2,2,2,5,0,4,2,2,2,5,4,3,4,3,5,8,2,4,6,11,13,4,13,0,2,1,1,4,3,2,1,4,5,2,3,6,2,3,1,4,9,6,1,5,3,5,9,3,7,9,5,4,1,3,3
SIM_CELL_0863,1,5,7,4,1,1,3,9,1,4,4,6,8,1,3,0,1,5,0,3,1,6,5,6,4,3,3,3,11,9,9,10,2,3,3,3,2,4,3,4,3,2,2,3,6,2,4,3,0,13,5,2,4,1,2,5,2,5,5,3,5,3,6,1
SIM_CELL_0864,4,3,3,0,7,2,4,6,1,2,1,4,4,3,1,2,4,2,1,2,8,6,1,8,11,7,6,2,6,8,2,10,0,3,7,2,1,0,2,2,5,3,3,2,4,0,8,2,2,13,2,0,3,3,3,11,4,6,5,5,4,5,5,5
